"Id","Label"
768296,"Sharat Saxena"
4695372,"Vijay S. Bhanushali"
10501607,"Himanshu Binekar"
8001235,"Rajesh Patole"
13823823,"Manish Thakur"
12338222,"Ugresh Prasad Ujala"
12144178,"Prakash Tiwari Madhur"
12389677,"Maahi Kapoor"
11656810,"Hemanth Naik K. Holalkere"
4992730,"Swadesh"
11112112,"Jabir Ali"
9745490,"Jacob Paul"
5527090,"Nishant Tripathi"
10963295,"Jeeshan Ali"
10990646,"Deepak Saraswat"
6679620,"Sanjiv Kolte"
10680953,"Shammi Chhabra"
12681972,"Aadiz Imran"
12576419,"Sandeep Sushil Sinha"
8462945,"Tamjeed Elahi Khan"
4384009,"Radio Mirchi"
10280561,"Arpan Roychowdhury"
11515012,"Ashish Kumar"
11179985,"Sanjoy"
6379825,"Sritama Dutta"
9803441,"Natin Mishra"
8213392,"Anil Gajraj"
2590742,"Danish Iqbal"
1235947,"Jayprakkash Shaw"
4732567,"Sharvan Anenden"
10244865,"Shahid Kazmi"
11457122,"Deshraj Saurot"
10594913,"Chandan Jaiswal"
5901246,"Abhimanyu Chaudhary"
8126395,"Bhanu Pratap Singh"
11177153,"Deepti Khurana"
9809820,"Datta Mirkute"
451222,"Hamid Ali"
7235566,"Rohit Aarrya"
11297149,"Victor Mukherjee"
7524991,"Pavel Singh"
12363636,"Bikram Malati"
9467928,"Daksh Chadha"
8993738,"Pramod Sharma"
8968311,"Arjun Rao"
11059384,"Yogesh Mehra"
5050736,"Sam Khan"
11167422,"Dinesh Chaudhary"
9288222,"Paresh Vinodray Savani"
9142317,"Amit Chauhan"
11127855,"Santosh Gupta"
2655736,"Suman Mukhopadhyay"
11770374,"Subhanjan"
7319949,"Sanoj Mishra"
7664950,"Apoorva Marur"
11770431,"Raja Bhargav"
11026219,"Ayush Upadhyay"
10658048,"Manoj Kumar"
10576580,"Vandana Sharma"
10550385,"Som Vats"
13890769,"Dipak A Tripathi"
2186504,"Dilip Deo"
11093744,"Aman Khan"
10539471,"Bijoy Banerjee"
9363055,"Azad Hussain"
3284094,"Amit Ojha"
10916426,"P. Chandrakanth"
5414667,"Ashok Kohli"
11602949,"Deepak Sharma"
10585937,"Rudrapatla Venugopal"
6470347,"Dhansheel Kumar"
8773502,"Ajit Devle"
7987302,"Sachin Gupta"
12576004,"Farukh Khan"
10152662,"Prem Soni"
11101006,"Prabhash Chandra"
11154928,"Utkarsh Dev"
7360359,"Paresh Patel"
12087058,"D.P. Singh"
10971117,"Aquil Haider"
2199272,"Raama Mehra"
10031641,"Suryakant Tyagi"
10982533,"Keval Shah"
7219423,"Shubhendu Lalit"
12078841,"Prem Mohan Girdhani"
11220898,"Avnish Kumar Singh"
4470677,"Prabal Baruah"
9147465,"Pratyush Upadhyay"
5866865,"Anil Mumtaz"
11188951,"Shravan Kumar Rathore"
9742563,"Jacob Paul"
7633557,"Mohit Pal"
9109906,"Ronit Jadhav"
9669504,"Ravinddra Khare"
10369616,"Alam Siddiqui"
12756443,"Niloy Bishwas Kanti"
10587024,"Sarkar Sahith"
10352157,"Yogesh Mishra"
10831427,"Harjit Rick"
1272557,"Miraq Mirza"
11017595,"Prakruthy"
10245024,"Manoj Sharma"
9767985,"Suvendu Ghosh"
3282824,"Sohan Lal India"
9515389,"Aslam Basha Shaik"
10322559,"Neelam r Singh"
1110178,"Susant Misra"
10244866,"Shoib Nikash Shah"
708010,"R.V. Ramani"
6621839,"Ashok K Mishra"
4003178,"Gurvinder Singh"
10386230,"Sunit Sinha"
9003717,"Nitin Chaudhary"
10379093,"Sanjay Singh Negi"
10436175,"Narayan k Sahu"
2287420,"Sunil Pal"
7300002,"Debesh Meher"
6052003,"Debarati Gupta"
2614127,"Munish Sharma"
10676582,"S. Kumar"
10338636,"Ashfaque Shaikh"
849195,"Lekh Tandon"
2770124,"Abhik Bhanu"
4465211,"Ajay Yadav"
1687944,"Rahat Kazmi"
9429255,"Sharad Raj"
8788375,"Deepak Nair"
4976599,"Tarun s Bisht"
11033823,"Rajesh Ramdev Ram"
9978337,"Sanjay Niranjan"
10169157,"Deekshit Kaul"
7066115,"Kshitij Sharma"
4639088,"Kamal Chandra"
10862339,"Yash Babu"
9325150,"Anjanikumar Tripathi"
10569062,"Ravi Sinha"
10245003,"Hadi ali Abar"
11030136,"B.K. Singh"
10172561,"Ajeet Kumar"
3750312,"Gaurav Bakshi"
315912,"Partho Ghosh"
9957721,"Laxman Singh"
11008779,"Rudra Patla Venugopal"
10820081,"Veer Narayan"
4267960,"Nikhil Allug"
10053290,"Himanshu Yadav"
4278403,"Stanley Joseph"
4996262,"Navin Batra"
10419373,"Munni Pankaj"
5552734,"Dinkar Rao"
9569748,"Tariq Bhat"
10544526,"Murari Sinha"
10514492,"Rahul Kumar Shukla"
12228098,"Maan Rajnish"
5059371,"Samarth Lahri"
9151827,"Akash Goila"
7015905,"Achyut Prashast Singh"
7349962,"Harish Raut"
6901818,"Zaigham Imam"
6386285,"Mayur Hardas"
9552410,"Satya Prakash Choudhary"
8441566,"Shantanu Anant Tambe"
1210805,"Ganesh Shetty"
8819601,"Banty Dubey"
8796450,"Pushkar Manohar"
3933090,"Vierendrra Lalit"
8698556,"Aziz Zee"
8730480,"Sandeep Kumar"
1945271,"N.S. Raj Bharath"
11180002,"Aditi Roy"
13918578,"Rahul Vaniya"
660967,"Pankaj Parashar"
4417282,"Priyanka Tanwar"
8968432,"Unmesh Kabre"
7812649,"Lal Vijay Shahdeo"
2187722,"Vijay Bhola"
4199076,"Sandeep Mohan"
10531593,"Santosh Kashyap"
11070148,"Kislay"
2683141,"Bhavna Talwar"
7840985,"Raju Desai"
10552034,"Amit Agarwal"
10960648,"Arvind Pandey"
1091273,"Yogendra Singh"
6320183,"Kumaar Aadarsh"
3272001,"Manoj Palrecha"
10425368,"Sandeep Pandey"
9894538,"Suraj Tiwari"
1773859,"Nandlal Nayak"
10706761,"Pankaj Kr Virat"
10121343,"Nayan Pachori"
10031648,"Dheeraj Pandit"
7460494,"Sagar Pathak"
10755767,"Dhruv Sachdev"
9057289,"Ovais Khan"
10352175,"Mitali Ghoshal"
8196334,"Raajeev Walia"
4538242,"Rupesh Paul"
10213476,"Saheem Khan"
8337396,"Ram Kamal Mukherjee"
2890826,"Nitin Kumar Gupta"
9283573,"Asif Khan"
11066041,"Dhirendra M. Dimri"
9845146,"Uttar Kumar"
8387661,"Daksh Pandya"
2124532,"Manoj Shidheshwari Tiwari"
1302401,"Chandrakant Singh"
3281220,"Gajendra Shanker Shrotriya"
5416660,"Mahesh Rajmane"
5384781,"Sudeshna Banerjee"
5070939,"Ghorban Mohammadpour"
1848132,"Sanjiv Jaiswal"
11093717,"Vishan Yadav"
11770364,"Raj"
4853354,"Aditya Sarpotdar"
1590021,"Rajesh Babbar"
1376455,"Manoj Singh"
2967962,"Sohail Tatari"
10798519,"Rafat Abbas Ali"
315872,"Goutam Ghose"
2714975,"Ravi Godse"
1386952,"Soumitra Ranade"
3754410,"Shekhar S. Jha"
4596095,"Abhijit Kokate"
9902054,"G. Suman Reddy"
11062464,"Vinod Kamble"
8393092,"Shekhar Sirrinn"
1064300,"Shiva Rindani"
787447,"Kashmira Shah"
2172369,"Taranjiet Singh Namdhari"
7125624,"Aarun Nagar"
10464835,"Khan Aleena"
4151761,"Nikhil Pherwani"
10406553,"Shakti"
8645748,"Vishal Mishra"
10436203,"Abhinav Thakur"
2301454,"Vikas Khanna"
2366197,"Faruk Kabir"
3932593,"Ankush Bhatt"
4473728,"Rohit Arora"
2167702,"Arshad Siddiqui"
3973347,"Rajni Basumatary"
2710488,"Rajiv S. Ruia"
10369756,"Rajiev Dhingra"
4766248,"Pia Sukanya"
10852088,"Mama"
1462820,"Ashwini Chaudhary"
3114227,"Sanjay Puran Singh Chauhan"
1880447,"Irene Zoe Alameda"
10443374,"Abhishek Dixit"
10342614,"Brijesh Batuknath Tripathi"
3745186,"Aditya Kripalani"
2207254,"Rakesh Sawant"
9808683,"Saki Shah"
4466728,"Manish Vatssalya"
10246130,"Navarasan"
5805321,"Mahendra Teredesai"
4827297,"Brahmanand S. Singh"
2321771,"Smeep Kang"
10406188,"Shiraz Henry"
1011407,"Irfan Kamal"
4501231,"Megha Ramaswamy"
11167476,"Rajvir Singh"
7110450,"Qasim Khallow"
4083927,"Manoj K. Jha"
1953471,"Shubham Singh"
4533509,"Rakesh Ranjan Kumar"
6475928,"Vijay Jayapal"
4316542,"Udai Singh Pawar"
1318578,"Tannishtha Chatterjee"
8744023,"Lalit Mohan"
223606,"Tigmanshu Dhulia"
3221483,"Navaniat Singh"
9890218,"Snehashish Mondal"
5136123,"Avinash Dhyani"
5043119,"Safdar Rahman"
8072718,"Kaustav Narayan Niyogi"
1022024,"Bhushan Patel"
1335451,"Gitanjali Rao"
4888717,"Anamika Haksar"
84439,"Neil Biswas"
3595665,"Thiru"
1028138,"Sikander Bharti"
6252943,"Harish Vyas"
2752754,"Sarthak Dasgupta"
8360000,"Ashish Aryan"
6754527,"Abhijit Panse"
1819881,"Rohit Jugraj"
1326535,"Sundar C."
11062254,"Sameer Joshi"
219971,"Sunny Deol"
2556572,"Jeong-beom Lee"
80333,"Vikram Bhatt"
2955107,"Raj Kumar Gupta"
4726499,"Mangesh Hadawale"
3797575,"Srijit Mukherji"
1160374,"Tarun Mansukhani"
9547238,"Fahim Irshad"
3172019,"Sourabh Shrivastava"
2435139,"Ashwin Shetty"
2771884,"Alankrita Shrivastava"
3758453,"Radha Krishna Jagarlamudi"
6814179,"Arati Kadav"
3221779,"Bugs Bhargava Krishna"
3034399,"Shilpi Dasgupta"
1668634,"Prakash Kovelamudi"
1322477,"Abhishek Chaubey"
12275730,"Shravankumar Tiwari"
438494,"Rajat Kapoor"
6562898,"Annant Jaaitpaal"
9664944,"Shelly Chopra Dhar"
1293225,"Omung Kumar"
6372816,"Nicholas Kharkongor"
2369662,"Suman Ghosh"
11075942,"Samit Basu"
5068738,"Naman Nitin Mukesh"
5040636,"Cherag Ruparel"
409791,"Indra Kumar"
2559488,"Deva Katta"
11049751,"Debamitra Biswal"
4173030,"Vishwesh Krishnamoorthy"
5592581,"Rajiv Chilaka"
1677976,"S Krishna"
11873501,"Wanphrang Diengdoh"
7704616,"Prateek Vats"
4897775,"Prashant Singh"
2391751,"Abhishek Pathak"
2039261,"Ashok Nanda"
2265536,"Soumik Sen"
5880364,"Behzad Khambata"
5014824,"Mikhil Musale"
9049092,"Vijay Ratnakar Gutte"
1322099,"Akiv Ali"
1966139,"Sachin Yardi"
788855,"Abhishek Sharma"
5579635,"Jagan Shakti"
63357,"Anees Bazmee"
2024446,"Aditya Datt"
2590164,"Laxman Utekar"
1179457,"Milap Zaveri"
1260157,"Seema Pahwa"
5121513,"Jonathan Augustin"
1473010,"Robbie Grewal"
3971343,"Gopi Puthran"
1571874,"Tushar Hiranandani"
3442103,"Chakri Toleti"
751080,"Chuck Russell"
7447165,"Raaj Shaandilyaa"
222150,"Prabhu Deva"
3262433,"Raj Mehta"
2859182,"Nitin Kakkar"
12541,"Nikkhil Advani"
3592235,"Ritesh Batra"
5120912,"Ajay Bahl"
9450602,"Gowtam Tinnanuri"
11018251,"Prashant Johari"
1335378,"V.K. Prakash"
1025280,"Anubhav Sinha"
332950,"Ashutosh Gowariker"
1773569,"Shonali Bose"
3603873,"Amar Kaushik"
2414127,"Mudassar Aziz"
2572228,"Jeethu Joseph"
2260872,"Farhad Samji"
6682160,"Sujeeth"
1159647,"Punit Malhotra"
1804614,"Ali Abbas Zafar"
2480204,"Navdeep Singh"
2831530,"Abhishek Varman"
9227039,"Sandeep Reddy Vanga"
1892252,"Vivek Agnihotri"
4318159,"Nitesh Tiwari"
1223910,"Sujoy Ghosh"
5326250,"Anurag Singh"
1893457,"Siddharth Anand"
15295,"Zoya Akhtar"
2336554,"Aditya Dhar"
2134474,"Vikas Bahl"
7992231,"Lokesh Kanagaraj"
474820,"Kiran Kumar"
10515630,"Mohanti Kesarwani"
10515627,"Trisha Nandwani"
10515629,"Himansh Sajwan"
10515628,"Pradeep Tirpathi"
11545743,"Udhav Garje"
11545748,"Rahul Gavane"
11545741,"Govindrao"
5747003,"Vrushali Hatalkar"
11545746,"Amar Kasbe"
11545742,"Madhura Munjal"
11545745,"Deva Pande"
11545747,"Tejas Patil"
9783837,"Arul Raj"
11545744,"Ashok Sawane"
12388990,"Santosh"
4381050,"Chirag Dave"
1694101,"Uday Kumar"
12393198,"Santosh"
4425657,"Dincy Vira"
906226,"Zarina Wahab"
13624201,"Pravin Singhmar"
11656813,"Rani Padmaja Chauhan"
11656812,"Ramesh Paltya"
11656811,"Amrutha V. Raj"
3493635,"Onkar Das Manikpuri"
11223957,"Nira Suarez"
11223958,"Arvind Agarwal"
11227871,"Akhilesh Gaur"
11227878,"Ashish Agarwal"
7197041,"Kanchan Sharma"
11671119,"Lalan Lahari"
11227879,"Manoj Agarwal"
11227972,"Pramod Chokhani"
11227873,"Deshdeepak"
11227872,"Rajesh Maurya"
11227876,"Amit Mishra"
11227874,"Hariom Morya"
11227875,"Janardan Pandey"
11227877,"Chandra Prakash"
11112114,"Narendra Bedi"
83238,"Birbal"
451272,"Mushtaq Khan"
9260664,"Tayyab Malik"
11112113,"Saheba Pirani"
11112117,"Sarim Rajput"
7367309,"K.T. Ananda Rao"
11112116,"Ashfak Safi"
11112115,"Raju Shereshta"
9487097,"Aryan Singh"
8241976,"Priyanka Bora"
5576978,"Ravi Jhanghu"
13693533,"Suraj Kumar"
11501888,"Swetanshu Mala"
10724853,"Ajay Singh Chauhan"
10724858,"Aishwaria Guha"
10724856,"Omendra Gupta"
10724851,"Krishn Deo Sanwariya"
10724857,"Ramesh Shukla"
10724852,"Pratishtha Singh"
10724860,"Mukesh Srivastava"
10724855,"Naresh Verma"
10724859,"Deivik Vipra"
10724854,"Arvind Yadav"
10628743,"Abhinay Kumar AS"
9583805,"Vaibhav Bist"
10963297,"Happy Goyal"
13205097,"Bhanu Joshi"
13504200,"Abhishek Kapoor"
13504197,"Aheel Khan"
13507138,"Jamshed Khan"
13504198,"Lucky Khan"
10963304,"Sameer Khan"
13504196,"Zara Khan"
13504199,"Ayesha Naaz"
13504876,"Raam Ravi"
13504201,"Shahzad Sheikh"
13504203,"Shibbu Thapa"
10963303,"Rahul Xavier"
8134737,"Sushil Yadav"
2741274,"Ehsaan Qureshi"
10789578,"Prabhakar Ambone"
12681973,"Kabir Khan"
12681974,"Fam boy Sameer"
12576421,"Gaurav"
12576425,"Javed"
12576420,"Lalit"
12576422,"Shivani"
12576423,"Shreya"
6361855,"Sonali"
12576424,"Vikram"
12576426,"Vinod"
10597237,"Poornima Kajgar"
10970836,"Jas Arora"
13398846,"Sunny Arora"
5897302,"Sanjay Gurbaxani"
10970841,"Kapil Jhamb"
6560119,"Supurna Malakar"
10970838,"Shiv Mourya"
10970837,"Lalit Ojha"
10970842,"Rupeshkumar Paratwagh"
10970839,"Avijit Roy"
10970840,"Suchira Sarkar"
4549126,"Shimla"
11515464,"Govinda Wadhwa"
11515465,"Parul Chandwani"
10372619,"Debapriyo Bagchi"
11179986,"Jinia Pande"
6595970,"Shreya Gupto"
11168707,"Yash Kaushik"
9803442,"Harsha Hirwani"
10438316,"Himanshu Shah"
12906420,"Lajvanti Bhagtani"
2117890,"Banwari Lal Jhol"
9386426,"Madhu Rawat"
2180895,"Wasim Khan"
6843034,"Nalini Aubeeluck"
5673350,"Edeen Bhugeloo"
5006765,"Palmesh Cuttaree"
10479827,"Robert Furlong"
2670496,"Gaston Valayden"
10689031,"Fezan Khan"
10452474,"Tariq Imtyaz"
10406637,"Rani Bhan"
10721674,"Sars Bharti"
10244867,"Pari Choudhury"
10706678,"Mushtaq Khaan"
10721675,"Janak Khujuria"
10720574,"Kaseem Mirza"
10689032,"Sapna Soni"
11582585,"Deepak Bhatiaz"
11582583,"Daksh Chaudhary"
11582586,"Shukla and Prashant"
11582584,"Ananya Singh"
9714215,"Gulshan Walia"
10594916,"Badri"
10594914,"Muskaan Khatoon"
10594915,"Shiv Kumar"
8331969,"Vishwakarma Neeraj"
1507991,"Manish Khanna"
8078786,"Aaditya Pratap Singh"
11109088,"Richa Sharma"
11790559,"Purvi Vaishnav"
11113106,"Man ya Sharma"
11113099,"Ambika Prasad Padraha"
10823416,"Digvijay Gawande"
10823415,"Sidharth Hiwrale"
10823413,"Anuha More"
10823414,"Divyatej Phulware"
1383801,"Mukesh Ahuja"
13705581,"Ravi Nazia Khan"
8863857,"Qaseem Haider Qaseem"
958860,"Prithvi Zutshi"
7235567,"Anjali Aarrya"
2377888,"Ganesh Divekar"
10474181,"Shweta Lasure"
10452469,"Nishigandha"
10474180,"Kartik Rao"
10452468,"Ayush Sanjeev"
2846617,"Milind Shinde"
944832,"Ganesh Yadav"
11297152,"Khushboo Kankan"
11297153,"Shruti Pathak"
11297151,"Gaurav Sharma"
11297150,"Skund Thakur"
10682087,"Gurinder Azad"
7541768,"B. Harikrishnan"
10682082,"Anjali Jha"
10546370,"Anushka Kaushik"
10682083,"Vijay Kumar"
10682084,"Kabir Naqvi"
10682085,"Bhawna Rana"
10682111,"Aditi Sharma"
10682080,"Sagar Sharma"
7525003,"Shantum Singh"
10682079,"Sidhivinayak Singh"
10682086,"Vishal Singh"
12364043,"Abhishk Soni"
10743113,"Arjun Soni"
9056499,"Aditya Sharma"
10606649,"Swapnil Bhongade"
2435562,"Manoj Choudhary"
10265272,"Nanaki Asthana"
10708015,"Sanjeev Goomer"
9131395,"Shantanu Thengdi"
10708014,"Vikas Borkar"
10466713,"Santosh Hirasinghani"
10708018,"Abhijit Wegad"
10708013,"Gargi Swami"
11006116,"Dhanashri Rathod"
11006117,"Mahesh Kumar"
11006118,"Rajesh Pr Dadu"
11006120,"Machindra Gaikwad"
11006119,"Haransh Sharma"
11006127,"Madhuri Kashid"
11006121,"Kanti Chaube"
11006122,"Sarita Chaube"
11006123,"Umesh Kamble Bapuji"
11006124,"Shital Kamble"
11008911,"Pavan Kumar Badjate"
11008910,"Neelam Badjate"
11006130,"Shankar Vishwakarma"
11006128,"Pushpendra Singh"
11006131,"Pradeep Mishra"
11006132,"Ashok Choudhary"
11008912,"Savita Kashid"
12634945,"Rajesh Bonik"
12873796,"Surya Dwivedi"
12615592,"Ijaz Khan"
12615591,"Sanam Khan"
6661769,"Mir Sarwar"
7348680,"Nirmohi Mali"
11185970,"Stalin Pinto"
7887024,"Sagar Ramaiya"
10445923,"Lallit"
10445924,"Sumit"
11167394,"Krishan Pal Bharat"
11233246,"Sonal Khatri"
11231142,"Rajiv Sirohi"
11233247,"Surjeet Singh Sirohi"
12091841,"Bhomaram Suthar"
8293150,"Samiksha Bhatnagar"
3767035,"Rishi Bhutani"
9017514,"Nilofar Gesawat"
10974844,"Harmanpreet Kaur"
11050645,"Priyanka Prajapati"
11050644,"Priya Sahu"
11051608,"Vijay Saini"
9866396,"Meeta Sharma"
10365271,"Pranay Sharma"
10365270,"Inderjeet Grewal"
9866392,"Shonit Sharma"
9866395,"Jatin Verma"
9866394,"Ranjeet Pannu"
9866397,"Anu Simran"
10365273,"Munshi"
10365272,"Neetu Rana"
9866393,"Naina Mishra"
9959019,"Surkhab Sandhu"
10306479,"Gullu Dada"
11127857,"Mudassir Khan"
11127856,"Shehbaaz Khan"
10905009,"Usha Ganguli"
9355654,"Kalpana Thakur Jha"
4690899,"Senjuti Mukherjee"
10905010,"Yama Shroff"
10905011,"Karuna Thakur"
11770375,"Amrita"
11770376,"Dipannita"
10328140,"Ritam Bhardwaj"
10328141,"Larissa Chakz"
7794469,"Ratan Rathore"
3438304,"Manoj Bakshi"
10328142,"Nisha Shrivastav"
9602122,"Ravie Sudha Choudhary"
10743876,"Anisha Alla"
10743882,"Chandana Chakrabarti"
10743874,"Drishika Chander"
10743875,"Kyla D'Souza"
10183157,"Aneesha Dama"
10743884,"Sirisha Gade"
10743885,"Amelia Gaitonde"
10743879,"Shreyasi Gopinath"
10743886,"Rajveer Kaur"
10743880,"Rattika Laroia"
10743883,"Deepika Mahidhara"
10743878,"Deeksha Marur"
10743881,"Nitya Tadakamalla"
11770433,"Komal Bharti"
11770432,"Urmila Chandolia"
11461954,"Ankit Jha"
11770434,"Pramod Matora"
11770435,"Rajkumar"
11026220,"Mansi Singh"
11026221,"Megha Jha"
11026222,"Neeraj Kashyap"
4487979,"Gauri Shankar"
659235,"Hemant Pandey"
10658038,"Tapas Chakravarti"
10658035,"Angel Mantrana Saw"
10658052,"Rakesh Kumar"
10658045,"Aishwarya Arora"
10762512,"Anurag Awasthi"
10762504,"Ekta Bakshi"
10762506,"Tannu Chouhan"
10762511,"Manasvi"
10762505,"Riya Mavi"
10762507,"Sai"
10762508,"Mohit Tiwari"
10550386,"Akash Faujdar"
13890771,"Mahesh Raj Pandey"
11058117,"Ajit Pandit"
13890770,"Aashima Sharma"
13890772,"Honey Sharma"
10089563,"Prakash Bajpai"
10789508,"Narendra Bindra"
10899592,"Jay Prakash Chaturvedi"
10436177,"Rana Abhinav Gaur"
10411797,"Shakti Misra Ghayal"
10899590,"Shaiza Kashyap"
5508891,"Ashwani Kumar"
1586516,"Bachan Pachehra"
5044946,"Jay Shanker Pandey"
10899591,"Vibha Rani"
5225486,"Ravi Sah"
9252606,"Mohit Arora"
9647050,"Sneha Bhawsar"
11093748,"Sikander Kuresi"
11093746,"Anand Raj"
11093745,"Yogita Rathore"
8761925,"Ajit Salve"
1994146,"Vijay Varma"
11093747,"Kalyani Venkatesh"
10539472,"Shabir Sheikh"
10884200,"Sufiyan Kapadia"
1617168,"Javed Rizvi"
1387791,"Aryan Vaid"
10565315,"Himmat Singh Jadeja"
9920125,"Anil Marwari"
1421001,"Ishwar Dutt Mathur"
10565316,"Dilip Naruka"
10565317,"Rajender Raju"
10249479,"Parmanand Ramdev"
10565318,"Mukesh Saini"
10565319,"Darpan Sharma"
10565320,"Dhriti Sharma"
10565314,"Jivitesh Sharma"
10540630,"Nand Lal Sharma"
10540633,"Rishi Raj Sharma"
3282813,"Manoj Swami"
3283181,"Sarvesh Vyas"
7477838,"Jigyasa Yaduwanshi"
9028653,"Babita Anant"
10916427,"Raj Pratika Bhosale"
10916438,"Anushka Kashid"
10916431,"Payal Kotangale"
10916437,"Sumit Krishna"
10916432,"Shashwat Kunal"
10916435,"Sparsh Mishra"
10916430,"Shrishti Nirwani"
10916436,"Amruta Sapkal"
10916429,"Amit Talwar"
1242380,"Manohar Teli"
10916434,"Akash Upadhyay"
10900779,"Ayush Vashisht"
8408227,"Rajeev Vashishth"
10916433,"Gopal Verma"
7839318,"Navi Bhangu"
2099797,"Bhupesh Singh"
10203649,"Mohd Ashique Hussain"
10804374,"Veen"
11603510,"Vineet Vijay Singh"
11602948,"Sudeep Singh"
11602947,"Vivek Kumar"
11603511,"Swanandi Chitrasen Gaikwad"
11603360,"Alok Kumar"
11603494,"Shrish Pushkar"
11603493,"Brishketu Sharma"
11603509,"Sudeep Kumar"
10597854,"Alok Kumar"
10585938,"Suman Rana"
4404570,"Hari Vishnu"
7484787,"Sandeep Bharadwaj"
10585939,"Vijay Kumar Nazar"
6600445,"Jeeva"
10587026,"Hari Vishnu"
9722006,"Priya Bhardwaz"
9721997,"Vikrant Chauhan"
9722007,"Binny Dsouza"
9722005,"Chandrabhushan Jha"
9722001,"Rakesh Kapoor"
9722003,"Deewakar Kumar"
10447727,"Raghunandan Kumar"
4486914,"Sameer Kumar"
10449619,"Chakrapani Pandey"
9722000,"Prabhanshu Ranjan"
7872934,"Vikash Sharma"
9722004,"Arjun Singh"
9722002,"Pinki Singh"
9721996,"Ruchi Singh"
9636451,"Tanu"
9636450,"Pankaj Kumar Tiwari"
9023935,"Anmol Agrawal"
10561921,"Taniya Chaterjee"
5164643,"Tania Chatterjee"
9006247,"Angad Dev Dogra"
9703027,"Akash Gill"
10066345,"Vishal Kumar"
10840738,"Vishal Kumar"
9369816,"Ankita Singh"
2761517,"Suraj Singh"
3389643,"Braj Kishore Tiwari"
11217535,"Vikas Balian"
11224994,"Vanshika Sharma"
10396622,"Sandeep Singh"
9396295,"Anamika Shukla"
10396624,"Monika"
9472924,"Sikander Khan"
10396625,"Vishal"
10396626,"Anushka"
10396627,"Desiree"
10396628,"Megha"
12900988,"Subrato"
12576029,"Priyansha Dubey"
11101013,"Apoorvanand"
11101014,"Syeda Saiyidain Hameed"
11101012,"Jaya Iyer"
11101011,"Lokesh Jain"
5229403,"Anant Vijay Joshi"
9577426,"Arun Kalra"
11101007,"Sukriti Khurana"
11101008,"Rajesh"
11101010,"Indu Prakash Singh"
11101009,"Divakar Sonkariya"
6586394,"Piyush Wankhede"
10643418,"Vishal Ravi"
4183569,"Akshay Bhagat"
10643419,"Nitesh Bhondve"
10643420,"Rohit Chabukswar"
10643421,"Anand Patel"
10643417,"Hina Velani"
10084533,"Pravin Gangwani"
10643416,"Anagha Priolkar"
10643425,"Surbhi Kalra"
10643424,"Dinesh Chandrakant"
10643423,"Siddhesh Upkare"
6594853,"Aly Abbas"
12087060,"Payal Kuwar"
616111,"Pramod Moutho"
12087059,"Dev Yadav"
83534,"Hemant Birje"
10971080,"Sanil Gaikwad"
324744,"Ramesh Goyal"
1259094,"Ehsan Khan"
10945828,"Ritu Pandey"
10971081,"Khushi Rane"
557625,"Raju Shrestha"
10971105,"Ajitha Singh"
10172222,"Sunil Tiwari"
25630,"Vikas Anand"
8002129,"Shilpa Gandhi"
409779,"Adi Irani"
2234698,"Pradeep Kabra"
9965574,"Rizwan Kalshyan"
451318,"Shahbaaz Khan"
9336526,"Abhishek Khanna"
9804505,"Pakhi Mendola"
1031555,"Anil Nagrath"
9909528,"Sagarika Neha"
8531264,"Laxman Singh Rajput"
10063601,"Vishnu Dhanraj Sharma"
5719056,"Vivek Kumar Singh"
8531261,"Jai Yadav"
10982537,"Dimple Ahire"
10982542,"Jay Deshmukh"
10982535,"Sibani Panigrahi"
10982541,"Dhaval Parel"
10982536,"Pradnya Pawar"
10982540,"Parth Shah"
10982534,"Prachee Shah"
10982539,"Rushabh Shah"
10982538,"Mahesh Shukla"
10649035,"Suved Kulkarni"
10923604,"Akshay Kale-Patil"
10923603,"Vaaman Vasishth"
10923605,"Saurabh Patwardhan"
10923606,"Shubham Gahudale"
10923753,"Mahadev Herwadkar"
10923754,"Akshay Somwanshi"
10923752,"Shivam Samarth"
10926025,"Honda Navi"
7462391,"Ibra Khan"
2537236,"Kuldeep Sareen"
11084943,"Kanishka Soni"
11220899,"Himani Choudhary"
9108676,"Karan Oberoi"
3050219,"Sara Khan"
11513292,"Aayat Shaikh"
12487510,"Saurabh Shrikant"
11360925,"Monu Dhankad"
5866839,"Maria Karpova"
5866845,"Anand Singh"
5866841,"Madhu Roy"
5866836,"Ekaterina Antonova"
5866843,"Jay Kumar"
5866842,"Julia Karpova"
5866846,"Veronica Poroshina"
5866838,"Sandhya Faria"
5866847,"Tatyana Melnikova"
5866840,"Anuja Datta"
5866837,"Rohan Kapoor"
5866844,"Arjun Dogra"
9517754,"Champak Banerjee"
10712556,"Abraam Pandey"
11188953,"Jaspreet Kaur Pruthi"
12416823,"Prem Sharma"
6226783,"Uday Bhan Mourya"
3271899,"Anjali Ujawane"
10959563,"Nillakshi Durne"
10959564,"Ankur Parekh"
9945111,"Shivam Ak Pathak"
10962736,"Sanjay Saini"
9776530,"Shilpi Singh"
10959562,"Shaurya Tyagi"
10913945,"Rohit D'Souza"
10913946,"Darshil Gandhi"
10120962,"Ishaan Trivedi"
10120961,"Neilloy Chakravarty"
10913947,"Aparna Iyer"
11575085,"Neha Joshi"
451299,"Razak Khan"
9671385,"Kabina Maharjan"
1179156,"Rakhi Sawant"
2340457,"Laxmi Narayan Tripathi"
4740190,"Gulfam Khan"
8753402,"Ajay Tripathi"
9309018,"Mubeen Saudagar"
10352161,"Maulik Bhardwaj"
10352159,"Mohit Gaur"
10352158,"Akbar Khan"
10352162,"Angelina Malhotra"
10352160,"Sanjana Sen"
5094566,"Deana Uppal"
7915808,"Mukesh Chandella"
10848012,"Vicky Hans"
10848010,"Surinder Singh Babb Kamboj"
10522125,"Preet Karnawal"
9553978,"Amit Kashyap"
10848009,"Mani Khullar"
10848013,"Kulwinder Randhawa"
10848008,"Ravinder Rangra"
10848011,"Honey Singh Shergil"
7955933,"Daljit Singh"
7556147,"Roop Singh"
9593255,"Amrik Teja"
348004,"Milind Gunaji"
2515388,"Nisha Parulekar"
961737,"Gracy Singh"
11060158,"Praveen"
149822,"Mithun Chakraborty"
2240044,"Brijendra Kala"
656644,"Manoj Pahwa"
3793990,"Gulshan Pandey"
1263951,"Gargi Patel"
2755754,"Sudip Mukherjee"
10482385,"Garima Agarwal"
10635588,"Dipanjjon Basak"
11472839,"Debdas"
8035358,"Sameeksha Gaur"
10638646,"Sayantan Roy"
10635587,"Amyth Sethi"
9829769,"Vijay Anand"
9829772,"Anila"
9829771,"Master Ashray"
1004639,"Madhupal"
9829774,"Prem Manoj"
4584689,"Sunil Sukhada"
11235869,"Anwar Basha Siddiqui"
11235870,"Gaddam Sakar"
11235871,"Sushma"
11235872,"Anjaneyulu"
11235873,"Sree Hari Ajith"
11235874,"Syed Naveed"
11235875,"Ameer"
11235876,"Siddu"
11235877,"Subhani"
11235878,"Khaja"
10098665,"Vandana Asthana"
2477148,"Rahul Chahan"
10322555,"Poonam Ingle"
10322558,"Lalit Jogi"
10322552,"Sanjay Kumar"
10322556,"Nilam Kumari"
2239161,"Akash Pandey"
4044591,"N.K. Pant"
7460668,"Nand Kishore Pant"
10322557,"Padamja Rai"
8533907,"Padmaja Roy"
8722073,"Arun Shekhar"
10322553,"Arun Shekhar"
1399241,"Sanjay Sonu"
51856,"Victor Banerjee"
244906,"Subrat Dutta"
11274769,"Sudarshan Juyal"
11274770,"Hitesh Bisht"
11274771,"Gautam Chatterjee"
11274767,"Anamika Goswami"
11274773,"Deepika Elizabeth Lakhra"
11109473,"Ashok Mahapatra"
4979015,"Debasish Sahu"
9808682,"Satish Bhat"
7902114,"Hussein Khan"
10458066,"Azmat Khwaja"
9901346,"Namita Lal"
12963100,"Rajeev Rana"
9578785,"Feroz Khan"
7677315,"Kanupriya Sharma"
2575089,"Ashwin Dhar"
9578786,"Dolly Arya"
11065907,"Bhankheri Devi"
11065906,"Rani Devi"
11065908,"Gopi Katwal"
11065904,"Kishan Katwal"
11065905,"Pawan Katwal"
11062622,"Raju Kumar"
13037711,"Siddhant Nag"
3860307,"Madhu Sagar"
10919941,"Kriti Sharma"
8254696,"Adesh Sidhu"
6358249,"Kuljeet Singh"
11062621,"Rakesh Singh"
11062619,"Ekta Sodhi"
3464457,"Nutan Surya"
11062620,"Sukumar Tudu"
10349034,"Gaurav Garg"
3843790,"Amanda Rosario"
3035025,"Vikas Shrivastav"
10343529,"Vikas Shrivastav"
8627523,"Harjinder Singh"
5104697,"Roshni Walia"
10396007,"Deepak Acharya"
10395986,"Chand Ansari"
10395985,"Sunil Balwant"
9970377,"Linesh Fanse"
10379145,"Marmik Gupta"
10379144,"Sirali Gupta"
10395979,"Arati Gupte"
10395978,"Sudhir Joglekar"
10395983,"K.T. Menghani"
10395992,"Pawan Mishra"
10395981,"Virendra Mishra"
10395987,"Sail Raut"
10380006,"Rajendra Gupta Sanjay"
10396017,"Sharad Shah"
10395982,"Maahi Singh"
11515358,"Vijay Tandon"
10395984,"Chetan Thakar"
10395980,"Arvind Vekariya"
4119309,"Rahul Bagga"
592782,"Akhilendra Mishra"
1983214,"Neeta Mohindra"
10436176,"Rajesh Sharma"
10345759,"Nancy Thakkar"
12514907,"Ratnakar Upadhayay"
1017494,"Ganesh Acharya"
2188355,"Rajkumar Kanojia"
3848199,"Sailesh Lodha"
1241910,"Prashant Narayanan"
8713,"Abhimanyu Singh"
7299866,"Mrinmai Kolwalkar"
11304051,"Keisha Rawat"
13312257,"Diya Chevli"
3875071,"Nishan Nanaiah"
11180005,"Priyanka Sarkar"
412683,"Usha Uthup"
11315294,"Pradeep Kumar Chakrabarti"
3387450,"Debjani Chatterjee"
5078787,"Rupsha Guha"
11315297,"Roshni Mitra"
11315295,"Mokksha"
11315296,"Tamanghna Paul"
5549951,"Aditi Roy"
9318968,"Gautam Sarkar"
4424993,"Karan Kundrra"
11699257,"Meena Nahata"
8279,"Nassar Abdulla"
1290995,"Usha Bachani"
10698295,"Bablu Baghel"
4204114,"Jaswinder Gardner"
1958890,"Sanatan Modi"
10676583,"Sudip Pandey"
3808909,"Ruby Parihar"
1759627,"Sanjay Swaraj"
3883134,"Raashul Tandon"
9348994,"Sahil Akhtar"
1240791,"Himayat Ali"
10338637,"Mousumi Biswas"
10338638,"Ayaan Khan"
10342156,"Nafe Khan"
712542,"Rajat Rawail"
2478391,"Deepika Amin"
50187,"Arun Bali"
10368118,"Leysan Karimova"
10541442,"Siddhaarth Mahan"
1166134,"Vineeta Malik"
11078156,"Sarvagya Mohan"
786033,"Parmeet Sethi"
1575790,"Jividha Sharma"
1942776,"Kanwaljeet Singh"
894348,"Rajeev Verma"
1258784,"Ramna Wadhawan"
5089122,"Bidita Bag"
6192494,"Tara-Alisha Berry"
386358,"Vrajesh Hirjee"
422550,"Pankaj Jha"
1018224,"Anant Jog"
8119219,"Meera Joshi"
7433187,"Brijesh Karanwal"
592799,"Sanjay Mishra"
10304343,"Amjad Qureshi"
704694,"Vijay Raaz"
1516058,"Deepraj Rana"
792116,"Jimmy Shergill"
10271046,"Ashwani"
7976335,"Antara Banerjee"
10271049,"Madhumita Biswas"
10271044,"Raj Dogra"
10273094,"Ramkishan Gurjar"
9838175,"Manisha Jain"
10273095,"Arun Mandola"
10278850,"Vikram Mastal"
7627519,"Naina Shetty"
12426851,"Ayushi Tiwari"
10271048,"Vikrant"
12516974,"Pawan Chakravarti"
2992983,"Archanna Guptaa"
1300009,"Adil Hussain"
10260562,"Raghav Jhingran"
10500325,"Chandan Kumar"
6851076,"Mia Maelzer"
9429256,"Rajveer Verma"
12698903,"Manish Choudhary"
8755941,"Dharmendra"
9640732,"Alismita Goswami"
10226639,"Manu Krishna"
10185610,"Ashish Mishra"
11776126,"Jay Parashar"
10183557,"Ashutosh Singh Ratan"
10174119,"Madhu Roy"
1824676,"Ashok Samarth"
10174120,"Abhavya Sharma"
10333316,"Dharmendra Singh"
944834,"Raghuvir Yadav"
11099707,"Angelina Bhharwa"
11099712,"Faizaan Khan"
11099714,"Hussain Khan"
11099713,"Rahil Khan"
11099709,"Saji Khan"
12911629,"Amit Kumar"
11099716,"Pavan Mishra"
9367145,"Neelam Pandey"
11099706,"Ambadas Pawar"
11099708,"Rupali Pawar"
11099718,"Anuj Raj"
11099719,"Kiran Rathod"
11099717,"Amit Sharma"
11099711,"Chandan Singh"
11099715,"Raj Singh"
11099710,"Rampal Singh"
11220819,"Dev Sharma"
11231086,"Devika Thakur"
1298241,"Deepak Bhatia"
222143,"Mukul Dev"
9400709,"Sakshi Dwivedi"
1596104,"Dinesh Kaushik"
9657527,"Kamaal Malik"
12059234,"Sajjad Nyk"
2117833,"Rushad Rana"
8092862,"Riya Shukla"
6155321,"Ashish Warang"
958861,"Raj Zutshi"
10169158,"Heramb Tripathi"
5078653,"Piyali Munshi"
3547090,"Alok Chaturvedi"
8853149,"Shravni Sahay"
10169159,"Sunil Thappa"
10169160,"Shakku Rana"
7229402,"Ehasan Khan"
8229308,"Javed Haider"
10170134,"Bakshi Rohit"
9076488,"Aanand Dev"
1899289,"Vijay Aidasani"
11741542,"Farhan Rehman Khan"
7066117,"Deeya Dey"
8437039,"Anoma Pabuwal"
9863502,"Kr Shipley"
7066116,"Rohit Pareek"
9863501,"Niharika Singh"
9399543,"Mahendra Singh Rawat"
80315,"Mahesh Bhatt"
8198163,"Satyakam Gupta"
9209389,"Rajiv Mishra"
11691890,"Avanish Pandey"
10644490,"Mishra Rajeev"
6487889,"Shruti Sodhi"
4966089,"Imran Zahid"
10862341,"Sajinda Khan"
10387325,"Hansi Parmar"
7934662,"Sukhi Randhawa"
10862340,"Monika Singh"
10546791,"Nikita Sharma"
10546792,"Priyanshu Solanki"
301102,"Mahesh Gahalot"
10292227,"Ajay Kumar"
10546794,"Harmeet Kaur Kapur"
10546795,"Bhawana"
10546796,"Amar"
11542822,"Udhav Garje"
11542827,"Rahul Gavane"
11542820,"Govindrao"
11542825,"Amar Kasbe"
11542821,"Madhura Munjal"
11542824,"Deva Pande"
11542826,"Tejas Patil"
8071218,"Ashok Savane"
11542823,"Ashok Sawane"
6842766,"Madhu Bharti"
10569065,"Manish Chaturvedi"
1024111,"Gajendra Chauhan"
9315332,"Poonam Dubey"
10569063,"Rajdeep Gill"
451163,"Ali Khan"
10569064,"Lakhbir Singh Lakha"
10569066,"Nilofer"
10569067,"Prem Prakash"
10592656,"Dinesh Sehgal"
1033012,"Jayshree Talpade"
12422297,"Muntazir Ahmad"
13993042,"Kushi Anand"
7504821,"Vikrant Anand"
2192794,"Sai Ballal"
9283509,"Sapna Choudhary"
13333877,"Shunty Dugria"
11712258,"Ajeet Goswami"
8211003,"Anju Jadhav"
7301786,"Zuber K. Khan"
8701924,"Kushi"
7648624,"Ratnesh Mani"
4824219,"Neel Motwani"
11648938,"Ansh Pandit"
10638364,"Rohit Rajawat"
10140438,"Shivani Sopori"
11030138,"Saumendra Dash"
9012443,"Sushil Dubey"
11037028,"Komal Kothari"
11037024,"Deepak Kumar"
11037027,"Parshant Kumar"
11037023,"Ramneek Rana Malhotra"
11037022,"Adish Nikam"
11037021,"Chandani Sharma"
11037025,"Sushma Sharma"
794510,"Himani Shivpuri"
11037026,"Bhoop Singh"
11041696,"Ravi Singh"
11037020,"Sweksha Singh"
10172037,"Rishi Bhummi"
13588388,"Shivam Dubey"
10172033,"Amit Goel"
10172029,"Mayak Jain"
10172031,"Shrikant Karangaonkar"
10172036,"Neha"
10172034,"Pramod Rathod"
10172032,"Gurpech Singh Samagh"
10172035,"Rajan Singh"
10172030,"Satnaam Singh"
10172028,"Shivangi Singh"
2975619,"Rasika Dugal"
5200693,"Vivek Ghamande"
11274951,"Arvind Jangid"
643348,"Akshay Oberoi"
9855789,"Richa Tiwari"
9952570,"Rahuul Chwudhary"
430803,"Mohan Joshi"
7106,"Shakti Kapoor"
8269806,"Abbas Khan"
451183,"Ayub Khan"
11629240,"Samayera Khan"
6165038,"Sakshi Maggo"
10537857,"Apurva Nain"
6130776,"Dev Sharma"
2327980,"Shraddha Sharma"
12923728,"Puneet Singh"
9427395,"Aaryan Adhikari"
5079327,"Neeta Dhungana"
1056425,"Rajpal Naurang Yadav"
1004804,"Dayashankar Pandey"
1432957,"Vijay Patkar"
618936,"Usha Nadkarni"
1021129,"Rana Jung Bahadur"
7365126,"Aarti Solanki"
10026026,"Kishor Bachhav"
8340421,"Amit Lekhwani"
7508901,"Kshitej Singh"
9565099,"Amit K. Sinha"
4463974,"Chitram Basha"
1571396,"Udita Goswami"
5128062,"Faheem Ul Haq"
1431656,"Emraan Hashmi"
4696178,"Haji Kamaal"
1091010,"R.K."
4427435,"Aziz Rizwan"
4427213,"Akbar Bin Tabar"
10820084,"Bina Bhatt"
10820082,"Gaurav Chansoria"
10820083,"Ankita Kashyap"
13329832,"Alok Mishra"
10820085,"Simba Nagpal"
7206824,"Sparsh Sharma"
3246138,"Rituraj Singh"
2419974,"Ira Dubey"
5723340,"Zahid Mir"
2227818,"Kaliprasad Mukherjee"
4668164,"Sunil Palwal"
5722825,"Burhan Shafi"
4927475,"Manit Joura"
10344311,"Geetanjali Singh"
10053291,"Ridhima Grover"
3966365,"Sumit Gulati"
5685909,"Amitabh Srivasta"
3348178,"Geeta Agrawal Sharma"
10132707,"Tarun Dhingra"
6165017,"Harish Chhabra"
5440206,"Sushil Dahiya"
5375177,"Padam Mishra"
10132709,"Venkatesh Vohra"
4418773,"Kamantha Naidoo"
3299499,"Miranda O'Hare"
5401503,"Zenia Starr"
1204234,"Santosh Singh"
1001233,"Nalini Krishan"
3934374,"Alison Kohlhardt"
4112472,"Marisa Lamonica"
1909596,"James Morcan"
196074,"Sheree da Costa"
3955119,"Kaaran Watene"
2321184,"Aishveryaa Nidhi"
1813194,"Amanda Marsden"
3165638,"Olga Markovic"
2644984,"Taylor Beadle-Williams"
4216607,"Justin Banks"
3310517,"Sage Godrei"
2947146,"Filiz Peksen"
7474645,"Zuber Kamal Khan"
7314719,"Gehana Vasisth"
11363870,"Saurabh Sewal Asr"
1212515,"Vije Bhatia"
6176013,"Rajeev Nigam"
11226995,"Kamal Sagar"
5602120,"Swati Sinha"
10419374,"Nishi Neha Mishra"
10419375,"Pankaj Kamal"
10419379,"Akash Kumar"
10419380,"Ashok Pathak"
10419382,"Monu Raj"
10419377,"Versha Lakra"
10419384,"Vikash Kumar"
10419386,"Manish Shah"
10419385,"Nihal Kr Singh"
10419376,"Punam Singh"
10419383,"Sunita"
10419378,"Akshay Rudransh"
10419381,"Shishir Jha"
13699820,"Ebrahim Mohamed"
2243737,"Krishna Abhishek"
10205201,"Anshuman Bajaj"
8119362,"Tanaji Galgunde"
1247401,"Gauahar Khan"
3544809,"Sudesh Lehri"
6638035,"Sugandha Mishra"
3845280,"Rajiv Thakur"
6083158,"Anubhav Dixit"
4372877,"Monika Misra"
8861599,"Lavanya Rao"
5547240,"Sadashivam Rao"
13286357,"Gautam Sharn"
10306072,"Sunny Shaw"
8974096,"Abhishek Singh"
8861601,"Rinku Singh"
802218,"Sadhana Singh"
555455,"Guddi Maruti"
700876,"Rajesh Puri"
9309017,"Vijay Ishwarlal Pawar"
1098409,"Shreechand Makhija"
7331309,"Marina Kuwar"
7114294,"Mayur Verma"
10984632,"Simran Ahuja"
10968199,"Rehan Tariq"
10971306,"Pushpendra"
10971659,"Natasha"
10971182,"Sultan Ansari"
10971660,"Jeetu Vazirani"
11042926,"Sherry Agarwal"
10990685,"Karan Kullur"
2324758,"Raj Singh Verma"
422566,"Preeti Jhangiani"
457410,"Ravi Kishan"
1304469,"Gurleen Chopra"
10549490,"Rahul Jain"
9348953,"Sheetal Kale"
10549491,"Nisha Singh"
9110938,"Mohit Tyagi"
10514493,"Aditi Bhagat"
10516908,"Ansh Gupta"
1295827,"Amit Behl"
10363404,"Saurabh Adya Pandey"
10335234,"Saurabh Sharma"
10516909,"Yashpaal Saini"
10521976,"Prashant Bhargav"
10871664,"Sandeep Chatterjee"
11878136,"Sandeep Chatterjee"
10521982,"Siddharth Gautam"
10521978,"Nisha Gupta"
10521970,"Iftikhar Hussain"
10521974,"Seema Jadhav"
10521969,"Nadeem Khan"
10521975,"Kishore"
10521972,"Mayank Kulshreshtha"
10521984,"Mausham"
9831596,"Saurabh Dewangan"
12263125,"Amit Kumar"
12263126,"Anuj Seth"
12263124,"Rohit Shrivastava"
10499039,"Neeraj Uke"
438503,"Sanjay Kapoor"
2719636,"Karishma Kotak"
9355810,"Aashish Sachdeva"
5361980,"Mansi Srivastava"
4189429,"Inaamulhaq"
3192510,"Sharib Hashmi"
1122912,"Kumud Mishra"
3063352,"Pawan Tiwari"
788903,"Rajesh Sharma"
6181328,"Gulki Joshi"
3883599,"Siddharth Bhardwaj"
8407664,"Sidharth Bhardwaj"
9896331,"Chandni"
2366974,"Raj Arjun"
10253352,"Ishan Chavan"
9541486,"Shubhankar Ekbote"
1205687,"Shakeel Khan"
3935977,"Ekavali Khanna"
5959034,"Debashish Mondal"
1751476,"Lata Sabharwal"
1617256,"Neeraj Sood"
7144048,"Patrali Chattopadhyay"
5603725,"Parul Chaudhary"
5429485,"Hirak Das"
4134195,"Chandra Shekhar Dutta"
9552412,"Jitender Hooda"
5598824,"Rajesh Kava"
3996393,"Sahidur Rahaman"
5846715,"Priya Raina"
6216582,"Ankit Raj"
9104078,"Bhakti Rathore"
5465817,"Neha Sargam"
7943212,"Abhimanyu Sarkar"
4819281,"Kunal Sharma"
2223822,"Yamini Singh"
7839426,"Samay Thakkar"
4877239,"Kanchan Awasthi"
10490168,"Mayur Kumar"
10490169,"Elvis Chaturvedi"
9641019,"Tushar Acharya"
620636,"Govind Namdeo"
2610427,"Shravani Goswami"
9198267,"Dolly Kaushik"
9933208,"Vivek Singh"
10774815,"Karuna Dogra"
2161624,"Neil Bhoopalam"
9058562,"Ankita Goraya"
3042097,"Shakti Kumar"
7771650,"Dr. Sagar"
8832611,"Kiran D Patil"
10223347,"Diiva Dhanoya"
1938287,"Sharad Ponkshe"
2361282,"Smita Shewale"
7845710,"Ananda Karekar"
8062320,"Falguni Rajani"
6046071,"Trivikram Mattoo"
747149,"Rahul Roy"
4597785,"Akansha Shivhare"
3165915,"Vivek Srivastav"
6087818,"Navdeep Tomar"
10496744,"Abuzar Akhtar"
8682475,"Apurva Godbole"
9769711,"Vaishnavi Kadam"
10595056,"Maliha Malla"
7151585,"Rohit Mugullu"
10595052,"Rishabh Raj"
10595050,"Yash Rajapara"
10595051,"Gaurav Sharma"
10595053,"Muskaan Tomar"
10595057,"Sonyaa Twinks"
10595054,"Sunny Yadav"
8013741,"Deepak Antani"
2585918,"Mugdha Godse"
9818853,"Kabbir Khan"
11936151,"Shaan Khanna"
9651197,"Disha Sachdeva"
11700103,"Chahat Suryavanshi"
1259084,"Manoj Joshi"
1021919,"Suresh Menon"
665555,"Vinay Pathak"
1302330,"Murli Sharma"
786021,"Resham Tipnis"
471389,"Jayant Kripalani"
4201639,"Sauraseni Maitra"
611663,"Suhasini Mulay"
9154928,"Mannveer Choudharry"
9956405,"Shaan Kakkar"
8340424,"Nazneen Patni"
9602119,"Aditya Roy"
6477380,"Rajveer Singh"
10411803,"Ravish Srivastava"
348481,"Neena Gupta"
659233,"Chunky Pandey"
5769873,"Lalit Behl"
1748072,"Amit Sial"
1221483,"Pramod Pathak"
5090379,"Trimala Adhikari"
1714633,"Shahriyar Atai"
6284034,"Kamil Shaikh"
10738107,"Veera Fauzia Saxena"
6308806,"Merenla Imsong"
4839358,"Anurita Jha"
4105035,"Saurabh Goyal"
7477071,"Mohit Chauhan"
10645757,"Preeti Hansraj Sharma"
4418718,"Nishaant Bahl"
11277325,"Pramod Saini"
13358922,"Soham Hemant Chaudhari"
2244897,"Ramakant Dayma"
10613054,"Ankushi Gagneja"
7206816,"Ishika Gagneja"
1386135,"Meghna Malik"
2674337,"Alexx O'Nell"
415526,"Bharati Jaffrey"
8996249,"Sudeepta Singh"
7461993,"Srishti Rindani"
10378650,"Yogita Choudhari"
3866297,"Arry Dabbas"
10382280,"Piyush Ghadse"
10378534,"Sarish Kanungo"
10378649,"Pixie Mahajan"
8599870,"Akshta Dayal Malhotra"
12269101,"Avinash Pandita"
10172225,"Ratnesh Roop"
10918950,"Komal Singh"
2052906,"Ravi Bhatia"
10918960,"Pranab Chaudhary"
10918957,"Ashok Gope"
6993763,"Hansraj Jagtap"
474911,"Vineet Kumar"
10918955,"Sushila Lakra"
10918959,"Munna Lohar"
10918963,"Kim Mishra"
10918954,"Monika Mundu"
4289075,"Neetu Pandey"
10918953,"Shishir Pandit"
9475103,"Ankit Rathi"
10918952,"Reena Sahay"
10918961,"Dinesh Shahdeo"
10918951,"Khushboo Sharma"
10918956,"Shailendra Sharma"
10918962,"Sunny Sharma"
1004985,"Yashpal Sharma"
890622,"Mita Vashisht"
10034838,"Susheel Vashisht"
8684998,"Daljit Kaur Seema Bedi"
4546297,"Mahesh Chandra Deva"
9119702,"Karanveer Khullar"
8928048,"Gillian Pinto"
6109850,"Khushboo Upadhyay"
8206851,"Salmin Sheriff"
9450096,"Vipin Heero"
8418847,"Naina Sareen"
6904752,"Avinash Kuri"
6904753,"Bhavaish Bhatijaa"
11500203,"Jack Jiggs"
5145861,"Beaula Knauf"
11500198,"Ashwani Kumar"
7670850,"Prashen Kyawal"
2541032,"Micky Makhija"
2511745,"Ashwin Mushran"
11500199,"Saptashree"
11500200,"Safoon Farooque Sayyed"
2811863,"Jyoti Singh"
11500201,"Ajay Srivastava"
10531596,"Master Ayushman"
7491912,"Istiyak Khan"
883305,"Vaishnavi Mahant"
214358,"Deepshikha Nagpal"
10531595,"Mantra Patel"
10583457,"Himang Rajput"
10667437,"Ram Singh Rajput"
793851,"Sayaji Shinde"
10531594,"Aayush Shrivastava"
10533710,"Pankaj Avadhesh Shukla"
990090,"Aman Verma"
1390115,"Harish Khanna"
5168879,"Mohini Sharma"
10382755,"Shivam Sharma"
438488,"Pankaj Kapur"
665554,"Supriya Pathak"
1064764,"Hrishitaa Bhatt"
883165,"Nakul Vaid"
5711380,"Raj Saluja"
1339267,"Tejaswini Kolhapure"
1306410,"Sahil Vaid"
4231730,"Meghan Jadhav"
11054768,"Yusof Mutahar"
10433512,"Aditi Bhaskar"
9736918,"Nikhil Chavan"
3027288,"Anwar Fatehan"
3496069,"Gaurav Ghatnekar"
10433511,"Ajit Jha"
2655742,"Rinku Karmarkar"
1244971,"Yatin Karyekar"
10574620,"Varun Choudhary"
1261907,"Bijay Anand"
4387372,"Ashok Awasthi"
1584129,"V.M. Badola"
6054290,"Arpit Chaudhary"
8007542,"Pranali Ghoghare"
5364695,"Anusha Jain"
1616785,"Rajesh Jais"
2712038,"Taranjit Kaur"
2619834,"Nachiket Narvekar"
5437113,"Ashu Sharma"
8249479,"Karishma Sharma"
4546188,"Yogendra Singh"
10942560,"Rajat Bhatia"
3887258,"Vinod Goswami"
1796210,"Jagdish Kansara"
9216521,"Kirti Azad"
10959217,"Sonam Chhabra"
10959221,"Sonu Jha"
11000618,"Jai Kumar"
13859009,"Rohit Singh Matru"
10959218,"Saifullah Rehmani"
10045164,"Dev Singh"
3363961,"Maninder Singh"
10959216,"Vishal Tiwari"
10959219,"Ajay Upadhyay"
10379923,"Alia Khan Dar"
7354641,"Ritesh Raghuvanshi"
10379924,"Vriddhi Patwa"
10379925,"Ishaan Verma"
10379926,"Irfan Khan"
10641638,"Kalyanji Jana"
10791962,"Hansee Parmar"
10641637,"Naib Singh"
9115369,"Suvahhdan Angre"
10079221,"Neel Bakshi"
10860677,"Prachita Gujar"
9532427,"Ankeet Jadhav"
11217602,"Daksh Jain"
10854510,"Gurpreet Singh Johar"
10854501,"Vaidhaee Karche"
10910784,"Tanishka Khanna"
10910781,"Vedant Kumar"
11217603,"Krish Lala"
10860678,"Rohan Lolage"
10854498,"Shrawani Mahind"
10854500,"Hansraj Manjre"
9532425,"Mithila Naik"
10854497,"Leena Nandi"
9532429,"Atharva Nerlekar"
10910782,"Niddhi Palrecha"
10910783,"Arya Pandhare"
8738177,"Anurag Urha"
9678377,"Prateek Pachauri"
10140655,"Rekha Mishra"
11012523,"Anudeep Singh"
4466582,"Amol Deshmukh"
9927302,"Sarika Nayak"
12663302,"Prateek Pachori"
10272089,"Pooja Pandey"
9927301,"Amar Singh Parihar"
11012524,"Rajesh Rajbhar"
7948429,"Hansa Singh"
10469969,"Rohit Singh"
9899526,"Anshul Thakur"
10459693,"Manish Tiwari"
5619590,"Jitendra Vashishth"
613417,"Raza Murad"
1669693,"Umesh Bajpai"
5582701,"Shradha Singh"
9894539,"Sanyogita Yadav"
10379328,"Rahul Gupta"
10379327,"Maya Jaiswal"
7467801,"Mallika Singh"
6934640,"Rachna Singh"
12181359,"Nikhil R. Khera"
5777540,"Pradhuman Nayak"
11181841,"Vinod Anand"
8668474,"Rinkle"
13441855,"Jay Ram Mahto"
5461265,"Arjun Manhas"
1184290,"Shagufta Ali"
2147526,"Govardhan Asrani"
10691708,"Mona Bhan"
10706679,"Rahul Dev"
10691709,"Sajad Khaki"
10615585,"Neha Lahotra"
7902117,"Sanam"
12736402,"Ramanjit Singh Besil"
12813502,"Gauransh Chauhan"
10608351,"Naina Chhabra"
10709440,"Kaif Khan"
7539488,"Vividha Kirti"
7717457,"Rashmi Mishra"
8666734,"Monika Ravan"
10709441,"Ramanjeet Singh"
10709439,"Virendra Singh"
864608,"Mukesh Tiwari"
10357866,"Rahul Thulasiram"
4447609,"Sreejita De"
9279339,"Ishita Ganguly"
10357865,"Megha Sharma"
9439999,"Abhinav Anand"
2192551,"Neha Bam"
9005150,"Shubhangi Litoria"
4979628,"Rani Agarwal"
10357867,"Ramesh Goyal"
10357868,"Abhijeet Kamble"
6755751,"Ipsit Nayak"
10124842,"Abhishek Paliwal"
5411856,"Anjali Abrol"
10925799,"Annjjan Shrivastva"
9166788,"Archana Gautam"
796107,"Anupam Shyam"
4663098,"Shubhangi Latkar"
11009308,"Yash Eshawari"
12890237,"Rahulsonu Srivastava"
9494670,"Raquib Arshad"
422567,"Ravi Jhankal"
10919063,"Sarvadaman"
13367397,"Nisha Lakra"
10919074,"Kaajal Kunder"
4457406,"Daddi Pandey"
7297475,"Amit Kumar Bhagat"
10919072,"Ajay Malkani"
10919071,"Vinod Soni"
10919068,"Kishor Kumar Kakkaji"
7805689,"Kirti Adarkar"
10708107,"Aarya Adhav"
10727786,"Bharat Bhanushali"
10727794,"Bhavnaben Bhanushali"
10618596,"Ishant Bhanushali"
10618594,"Kanti Bhanushali"
10708103,"Krina Bhanushali"
10618593,"Paresh Bhanushali"
10727787,"Poojan Bhanushali"
10727788,"Santosh Bhanushali"
10727796,"Shiv Bhanushali"
1017634,"Krishna Bhatt"
1201151,"Mukesh S. Bhatt"
7331310,"Vinod Chandel"
10708102,"Krisha Gayakwad"
10727795,"Shital Gayakwad"
10708105,"Vinyak Ghadigaonkar"
2383152,"Ruslaan Mumtaz"
3034744,"Adhvik Mahajan"
9355609,"Purva Rana"
8342812,"Ruhi Chaturvedi"
7349967,"Puneet Dixit"
151534,"Sudha Chandran"
220807,"Anang Desai"
12094440,"Sanjay Deyali"
9669481,"Kanikka Kapur"
10755768,"Varun Narula"
3070408,"Prateik Babbar"
7674770,"Ishita Raj"
4948769,"Siddhant Kapoor"
11709857,"Poonam Jheelan"
707268,"Anita Raj"
6644710,"Subha Rajput"
5788330,"Natasa Stankovic"
10244265,"Natasha Stankovic"
846681,"Dalip Tahil"
4949471,"Barun Sobti"
9990676,"Amartya Ray"
438496,"Rajit Kapoor"
4414400,"Panchi Bora"
3257879,"Chaiti Ghosal"
2933926,"Geetika Tyagi"
1166509,"Mrinal Mukherjee"
159537,"Kalyan Chatterjee"
1397536,"Pallavi Chatterjee"
5843593,"Vikram Kochhar"
8783222,"Kartikey Tripathi"
11693360,"Navjot Singh"
7415163,"Subrata Guha Roy"
11693361,"Surya Kar"
11693362,"Partha Rudra"
11693363,"Subhomoy Das"
11693364,"Moinak Sengupta"
7195031,"Arpit Nagar"
12796275,"Erica Willson"
1794460,"Asif Basra"
1028114,"Pankaj Berry"
665349,"Ameesha Patel"
7807244,"Gizele Thakral"
10971599,"Gergana Tonozlieva"
10740883,"Anuj Vasistha"
8212629,"Saheem Khan"
11477326,"Vandana Chopra"
11477325,"Arshad Khan"
13242257,"Mohammad Gelani Pasha"
11477324,"Sakshi"
6997732,"Sharat Sonu"
239267,"Lillete Dubey"
10963410,"Shree Ghatak"
1380415,"Celina Jaitly"
10963409,"Azhar Khan"
5795152,"Poonam Pandey"
1576905,"Puneet Vashisht"
2119028,"Vishal Om Prakash"
5747147,"Siddharth Gupta"
7739777,"Diana Khan"
5206404,"Humayoon Shams Khan"
9320912,"Hamd Khan"
10345042,"Mridula Oberoi"
9973513,"Akanksha Sharda"
1191646,"Arya Babbar"
10771296,"Nikhil Chaudhary"
7321129,"Surbhi Mahendru"
8317037,"Nidhi Nautiyal"
8586788,"Jeet Raidutt"
9825159,"Lovely Sharma"
8414752,"Vikash Srivastav"
11217536,"Rajender Kashyap"
11217534,"Janvi Rana"
2363939,"Pratik Gandhi"
8943364,"Deeksha Joshi"
6953296,"Jayesh More"
9455357,"Denisha Ghumra"
6311874,"Nirmit Vaishnav"
10469121,"Sanjay Galsar"
10766422,"Hirav Dave"
10596209,"Ankit Chandrashekar"
7979313,"Rishi Jani"
8718982,"Galsar Sanjay"
9721868,"Dharmendra Gohil"
10537855,"Bhavesh Kumar"
2971390,"Girish Kulkarni"
1664541,"Zakhir Hussain"
4285133,"Neha Joshi"
2761116,"Seema Azmi"
10962980,"Anuja Jha"
11518658,"Jeet Mallviya"
10029997,"Smita Singh"
451170,"Arbaaz Khan"
3766040,"Aindrita Ray"
7700725,"Vikas Verma"
788931,"Vineet Sharma"
4955794,"Raman Atre"
52532,"Ashok Banthia"
9709175,"Amit Bimrot"
10292230,"Altaf Khan"
6117651,"Richa Meena"
7802961,"Mayur More"
4394963,"Vikas Pareek"
1652170,"V.K. Sharma"
10597585,"Jyoti Verma"
9948722,"Teetu Verma"
4630394,"Sanjay Vidrohi"
6421742,"Vikas Bangar"
8955592,"Aarushi Vedikha"
8955593,"Purneima Dey"
8955594,"Prasad Shikhare"
5665923,"Sandeep Dhabale"
9443641,"Sanjay More"
1980077,"Bhaskar Banerjee"
7110125,"Srijla Guha"
9242872,"Indra"
12258008,"Indra"
267946,"Hamid Farrokhnezhad"
3373271,"Esha Gupta"
6763,"Jackie Shroff"
4109,"Gulshan Grover"
8171541,"Simran Mishrikoti"
788788,"Mohamad Reza Sharifinia"
10762531,"Fardin Hafizi-dar"
11302333,"Parvin Maleki"
11406574,"Maryam Radpour"
456094,"Shashi Kiran"
10568265,"Rohit Lamba"
9108681,"Hitesh Sejpal"
6199185,"Lata Shukla"
3901368,"Rajeev Khandelwal"
474609,"Atul Kulkarni"
1963306,"Samiksha Oswal"
324845,"Vikram Gokhale"
4598003,"Aniruddh Dave"
4559606,"Apoorva Arora"
1012529,"S.M. Zaheer"
10593269,"Vikram Bhui"
3473336,"Shaji Chaudhary"
11066098,"Rajiv Dinkar"
5712461,"Tauqeer Alam Khan"
8753399,"Mukteshwara Ojha"
10519736,"Prem Trivedi"
7375734,"Uday Vir Singh Yadav"
9501287,"Sapan Krishna"
11093731,"Vedprakash Bind"
11093720,"Abhishek Dixit"
11093730,"Ramesh Goel"
11093718,"Priya Gupta"
11093723,"Anjum Khan"
11093728,"Kiran Kumar"
11093721,"Ahsaan Qureshi"
11093724,"Ankit Raghav"
11093726,"Danish Rana"
11093729,"Mitali Shah"
4451508,"Mannat Singh"
11093725,"Arpeeta Thakur"
11093727,"Kajal Tiwari"
11093722,"Anil Yadav"
11770365,"Priya Tiwari"
3204740,"Chandan Roy Sanyal"
2668099,"Vineet Raina"
9012434,"Prince Rodde"
2585314,"Sujata Sehgal"
1004575,"Aditya Lakhia"
5926431,"Saharsh Kumar Shukla"
10543507,"Reshma Pathan"
9908220,"Spandan Chaturvedi"
10543506,"Sanvi Ratnalikar"
9849990,"Drisha Kalyani"
9012180,"Shresth Kumar"
13468991,"Jerry Hastings"
5873164,"Rahuldatta"
7013289,"Rashmi Somvanshi"
442479,"Satish Kaushik"
11668765,"Pramod Dahiya"
9553963,"Prakash Ghai"
11668764,"Anjavi Huda"
1588448,"Mohan Kant"
12237474,"Kuldeep Gurgaon Singh"
6475595,"Neeraj Bharadwaj"
1257474,"Muni Jha"
12006477,"Megha Bhatt"
1336409,"Sunil Chauhan"
12006476,"Navni Chawla"
12006481,"Elakshi Goswami"
1796180,"Madan Kabir"
9039429,"Kamran Khan"
12006484,"Shweta Mishra"
9960880,"Sima Pari"
695924,"Raj Premi"
12006474,"Seema Raaj"
12006482,"Anneya Rawat"
12006480,"Preeti Sahay"
9309278,"Dakshita Patel"
7136212,"Madhu Anand Chandhock"
244890,"Divya Dutta"
6267541,"Darshan Gurjar"
8967828,"Aarsh Gyani"
10498478,"Harsh Hansraj"
1796211,"Bikramjeet Kanwarpal"
1249116,"Ranvir Shorey"
1160492,"Amar Talwar"
11064804,"Master Abdullah"
11078549,"Anugrah Agnihotri"
11065249,"Bhushan Chhabra"
11065250,"Izara"
11078550,"Poonam Maurya"
11064802,"Bijendra Pal"
10798520,"Tanuj Pathak"
6792093,"Manoj Ramola"
11064803,"Anil Raut"
794818,"Tillotama Shome"
4173131,"Neeraj Kabi"
910076,"Lisa Ann Walter"
271165,"Tovah Feldshuh"
2438307,"Dileep Rao"
1478007,"Curtiss Cook"
542498,"Mahesh Manjrekar"
792251,"Rondell Sheridan"
4307210,"Shruti Marathe"
12881,"Mohan Agashe"
2290974,"James Harrison Jr."
4223911,"Phil Nardozzi"
1277861,"Jaywant Wadkar"
5120654,"F. Robert McMurray"
3003162,"Lokesh Gupte"
3817862,"Medha Manjrekar"
3215628,"Aanand Kale"
4461055,"Daniel James"
8974916,"Ryan Jakhadi"
1964139,"Manav Kaul"
201903,"Nandita Das"
1979965,"Amarjeet Amle"
10984965,"Sushma Bakshi"
3769437,"Padmanabh Bind"
1330618,"Yusuf Hussain"
2380271,"Rama Joshi"
434263,"Kishore Kadam"
1239481,"Atul Kale"
10984967,"Amrish Majumdar"
10984966,"Gaurav Nima"
10613903,"Parivesh Padhy"
4712070,"Sunit Razdan"
795661,"Saurabh Shukla"
3002984,"Jayshankar Tripathi"
1024101,"Priyanshu Chatterjee"
10381851,"Gulnaz Siganporia"
8465085,"Shivani Mahajan"
1714049,"Ravi Khanna"
1675392,"Vijay Raj"
10308243,"Asad Khan"
10381847,"Navneet Gairola"
6840682,"Matin Khan"
10381848,"Kavita Virmani"
7796467,"Seema Sharma"
7362994,"Abhinav Sharma"
10381845,"Sharma Aadeep"
10381844,"Neeraj Negi"
12856470,"Oindrila Mukherjee"
10503121,"Mahi Papra"
12856471,"Bhavya Pratap"
10381850,"Aditya Juyal"
8887401,"Sunnyy Balloria"
3140757,"Priyanka Bose"
2981021,"Namit Das"
9224747,"Sangramsingh Thakur"
151285,"Barun Chanda"
2586977,"Ashwath Bhatt"
3580431,"Sonamoni Jayant Gadekar"
6128495,"Arijit Dutta"
8472536,"Shriram Jog"
8472538,"Keval"
10736199,"Ganesh Deshmukh"
3867423,"Atul Mahale"
10670504,"Ajay Lonare"
9832521,"Roshan Nandawanshi"
3865665,"Chhatrapal Ninawe"
5134259,"Ravikant Soitkar"
8750731,"Nasir Sheikh"
1265127,"Salil Ankola"
5145841,"Navneet Kaur Dhillon"
3941445,"Avneet Kaur"
1177893,"Nasir Khan"
7319988,"Prabhakar"
8465041,"Pranati Rai Prakash"
9207662,"Robin Sohi"
9198882,"Anil Kamble"
11062465,"Samarth Sonawane"
11062466,"Shravan Upalakar"
5361849,"Natalia Janoszek"
709359,"Ashutosh Rana"
221218,"Makrand Deshpande"
3244383,"Nivedita Bhattacharya"
6661286,"Mukesh Hariawala"
3124376,"Parthaa Akerkar"
13356790,"Sania Choudhury"
12159982,"Atul Dabang"
13356789,"Anushree Junnarkar"
13356801,"Parvez Khan"
1334958,"Firdaus Mevawala"
13356797,"Nikhil"
9450833,"Ganesh Pai"
13356803,"Ravi Paliwal"
13356795,"Anuragh Pandey"
11000455,"Dinero Ash"
11000452,"Pari Chaudhary"
4180582,"Greg de Sousa"
11000454,"Nirmal Guneria"
11000453,"Arti Joshi"
11000451,"Akshay Kharodia"
6099148,"Divya Singh"
11009503,"Rishaab Chauhaan"
3874231,"Kishwar Merchant"
9064473,"Pawan Singh"
11274501,"Lalit Bhardwaj"
11274500,"Vinod Gaikar"
11531370,"Pankaj Kumar"
8367843,"Raghav Rishi"
6297982,"Raaj Singh Arora"
3170576,"Asheesh Kapur"
7205058,"Tushar Phulke"
3074168,"Bobby Bedi"
8345919,"Sakshi Benipuri"
1693210,"Sanjay Bhatia"
8801727,"Nitish Choubey"
2935792,"Praveen Dhankar"
10135677,"Mohit Digambar"
9026607,"Errick Elavia"
9026614,"Chandan Rajesh Handa"
7936751,"Mohit Jain"
9026608,"Jitendra Jha"
9017381,"Neil Jhamnani"
9026609,"Raj Sekhar Kapoor"
9017376,"Anuj Khurana"
9026604,"Kedar Krishna"
13034884,"Shashikant Sharma"
10482383,"Sachin Khari"
10482386,"Anupama"
13350083,"Nandesh Gurjar"
10482384,"Ravi Verma"
10484632,"Parveen Bansala"
10484631,"Mahaveer Singh Fauji"
10484203,"Khyati Sharma"
13240377,"Nishant Sharma"
10482388,"Ravi Sharma"
3976983,"Naushaad Abbas"
12615674,"Vishal Anand"
1989456,"Canelle Hoppe"
9774487,"Gavin Hovingh"
6931894,"Tariq Khan"
952232,"Arif Zakaria"
3864699,"Niharika Singh"
10926495,"Abuli Mamaji"
7903965,"Plabita Borthakur"
576577,"Shilpa Mehta"
467868,"Kaizaad Kotwal"
3000723,"Sonali Sachdev"
10926496,"Haresh Raut"
13353186,"Chandramogli Madem"
7219940,"Alisha Farrer"
1878081,"Chetan Hansraj"
4684821,"Manisha Kelkar"
10406554,"Vik Khanna"
4787345,"Rakesh Thareja"
2622986,"Kunaal Roy Kapur"
10785826,"Gaurav Dixit"
12205186,"Saurabh Awasthi"
219947,"Seema Deo"
219946,"Ramesh Deo"
10436205,"Preetika Chauhan"
9610264,"Aarav Mavi"
11641028,"Alok Nath Pathak"
10471867,"Aloknath Pathak"
10436204,"Pratap Saurabh"
10436206,"Pradeep Sharma"
12231888,"Vajid Ali"
12231893,"Ankita"
12231894,"Anshika"
12231889,"Bahadur"
11185120,"Niranjan Chaubey"
12231900,"Ajay Chauhan"
12155878,"Rudrani Chhetri"
12231897,"Vicky Choudhary"
12231899,"Avnish Dubey"
12231890,"Swati Dutta"
12118517,"Neeha Garg"
10400695,"Rajeswar Khanna"
12231896,"Ashok Kumar"
9716931,"Anoushka Mahajan"
12231886,"Jyoti Navya"
12231898,"Rahul Raja"
12231901,"Praveen Kumar Rajput"
3508604,"Shashank Arora"
4269474,"Mohd. Zeeshan Ayyub"
44343,"Tanvi Azmi"
9903334,"Upen Chauhan"
3116470,"Maanvi Gagroo"
1018245,"Mohan Kapur"
1822358,"Sid Makkar"
11399496,"Saurabh Mishra"
4254899,"Preetika Rao"
5704026,"Ivan Rodrigues"
10372497,"Salman Shaikh"
5491188,"Paras Tomar"
2822547,"Karan Singh Grover"
7129302,"Ravi Dubey"
1946407,"Kay Kay Menon"
1538116,"Tisca Chopra"
784025,"Raima Sen"
3601386,"Poonam Kaur"
6044349,"Priya Banerjee"
154146,"Prasenjit Chatterjee"
3684316,"Puja Banerjee"
12122230,"Mohammad Nayem"
12732284,"Farhan Shahriar"
6009493,"Zuber Shaikh"
8414755,"Urmila Sharma"
9431039,"Saasha Aery"
9431040,"Anahita Bhooshan"
9424142,"Aanchal Chauhan"
9431036,"Dev Chauhan"
8077310,"Gandharv Dewan"
8784315,"Vijay Kumar Dogra"
9424144,"Dhruv Khurana"
9431038,"Jasneet Kooner"
9431044,"Vaibhav Kumar"
9424143,"Saurabh Madaan"
10281515,"Shubhangi Mahato"
9431043,"Satish Menon"
4372721,"Lokesh Mittal"
9424141,"Samapti Patra"
9431045,"Smriti Sahni"
9431041,"Hirashmi Singh"
2843559,"Raai Laxmi"
12159905,"Amit Misra"
11748454,"Raj Agnihotri"
10740727,"Mondeep Basumatary"
10740726,"Sansri Basumatary"
11777876,"Sattyakee Dcom Bhuyan"
10740561,"Romila Brahma Boro"
10665494,"Pansy Brahma"
10732054,"Shimang Chainary"
10740725,"Geolang Daimari"
10740562,"Jeffrey Daimary"
5762892,"Queen Hazarika"
10732055,"Kanyakorn Kiratichotiyangkoon"
10740560,"Jayanta Narzary"
10732242,"Raja Narzary"
7373197,"Suman C. Tharan"
11151125,"Yashi Kapoor"
9640485,"Rahul Sharma"
9055190,"Pooja Bisht"
3152983,"Rajneesh Duggal"
5056109,"Nazia Hussain"
5970967,"Shafaq Naaz"
789391,"Archana Shastry"
8589214,"Ranjit Bawa"
1836657,"Gurpreet Ghuggi"
1127958,"Yograj Singh"
4304671,"Anita Devgan"
2465061,"Jhumma Mitra"
7800337,"Dhananjay Pandey"
3434061,"Shavinder Mahal"
5131331,"Ashok Pathak"
10518833,"Sanjiv Attri"
1206435,"Mahabir Bhullar"
1371858,"Nirmal Rishi"
10681253,"Honey Mattu"
11065989,"Narinder Dhillon"
11976199,"Gurdeepak Singh"
2331000,"Radhika Apte"
1427076,"Shilpa Shukla"
219943,"Ajinkya Deo"
7802963,"Mukesh Agrohari"
3424698,"Saniya Anklesaria"
7545875,"Abhijit Bhor"
1384402,"Uday Chandra"
7545874,"Paromita Chatterjee"
5631545,"Shailesh Hejmady"
4808685,"Bharat Jha"
4208951,"Dhanendra Kawde"
13040279,"Mohammad Salman Khan"
4549072,"Anjali Khurana"
10852091,"Farha Khan"
4427586,"R.K. Mama"
4464319,"Aziz Naser"
13734023,"Vishal Kumar Rawani"
10852089,"Ali Reza"
1662277,"Shreyas Talpade"
12778,"Aftab Shivdasani"
4449715,"Sonnalli Seygall"
7181900,"Ishita Dutta"
539497,"Pawan Malhotra"
2286188,"Manu Rishi Chadha"
4376717,"Anil Charanjeett"
451239,"Jameel Khan"
10156494,"Niharika Kundu"
6975822,"Tanuka Laghate"
9849885,"Venus Singh"
4606108,"Samir Chandra"
4424967,"Saru Maini"
4563354,"Narottam Bain"
2085856,"Aamir Bashir"
2727191,"Rasheed Naz"
845209,"Aitana Snchez-Gijn"
1007012,"Aida Folch"
2161047,"Mia Speight"
317762,"Fernando Gil"
7181257,"Rohit Choudhary"
4380889,"Krishna Singh Bisht"
3790420,"Monica Khanna"
5217628,"Amit Shukla"
9716566,"Kavyanshi Samaria"
9437276,"Roco Yanguas"
9722765,"Adrianna Medina"
9633689,"Daniel Alameda"
9588287,"Isar Khan"
10279002,"Prit Kamani"
5327912,"Simran Sharma"
6527505,"Anshuman Malhotra"
7517010,"Tushar Pandey"
4191893,"Vibha Anand"
3021333,"Jatin Goswami"
2818543,"Jagat Rawat"
12573799,"Himani Sharma"
3745258,"Sonal Jha"
3974782,"Shailesh Datar"
9080745,"Sushant Mohindru"
5241810,"Shahnawaz Pradhan"
10638717,"Amit Kumar Jha"
10638718,"Farhan Kaushar"
1693927,"Jatin"
10638720,"Varun Raj Sharma"
10638721,"Vishal Raj Sharma"
1206317,"Vicky Ahuja"
12587059,"Kumar Gautam"
4113243,"Karim Hajee"
8812386,"Shoaib Ibrahim"
10426810,"Shrikant Kamat"
5056001,"Elena Kazan"
14039988,"Washi Khan"
6369174,"Vishwas Kini"
10343530,"Major Kishore"
10426799,"Jashn Kohli"
10342616,"Shree Rammy Pandey"
7590645,"Rammnik"
10343528,"Manish Sharma"
7839325,"Farnaz Shetty"
13554193,"K K Shukla"
4602902,"Chandraprakash Thakur"
9465525,"Ahmareen Anjum"
3252571,"Vibhawari Deshpande"
10271131,"Arjun Ganesh"
8129924,"Chitrangada Satarupa"
6245206,"Vinay Sharma"
1381801,"Hiten Tejwani"
11193493,"Anjali Pandey"
820283,"Anjan Srivastav"
11150462,"Master Aayan"
11192767,"Garvitt Attri"
10807710,"Ranjeet Chauhan"
12762722,"Ranjeet Chauhan"
12921864,"Akash Chawariya"
12419875,"Ricky Chawla"
223532,"Pankaj Dheer"
329702,"Brij Gopal"
10987734,"Aadita Jain"
9171701,"Bilal Ahamad Bhagat"
5628004,"Neelu Dogra"
10406638,"Zahid Qureshi"
9435649,"Jitendra Rai"
10424799,"Ritu Rajput"
3865589,"Pradhuman Singh"
10911394,"Adam Saini"
3394113,"Khushboo Purohit"
1241985,"Chetan Pandit"
1004362,"Amin Gazi"
9884031,"Samar Katyaan"
4387417,"Sanjeev Jha"
10948385,"Neelesh Malviya"
10855746,"Kashish Rai"
9714221,"Anuj Sharma"
1763273,"Rajesh Bakshi"
1916610,"Savi Sidhu"
10948382,"Rajiv Rana"
10951442,"Kratika Singh Rajput"
10948368,"Shashank Prajapati"
10951443,"Milica Stokic"
1773444,"Radhika Kumaraswamy"
9428830,"Anusha Rai"
11426888,"Adya"
11426884,"Amarnath"
11426880,"Anjana"
11426885,"Lalana R. Arya"
11426881,"Raj Bahadhur"
9846854,"Kavya Gowda"
9829510,"Ravi Gowda"
11426889,"Tanu Gowda"
11426878,"Karthik"
11426882,"Krishna Murthi Kawthar"
8026656,"Kempegowda"
2794335,"Sadhu Kokila"
4167126,"Honnavalli Krishna"
10052621,"Naveen Krishna"
11426879,"Naveen Krishna"
8402822,"Bhajarangi Loki"
1276263,"Sandeep Kulkarni"
755093,"Rajeshwari Sachdev"
3728294,"Amol Parashar"
6563944,"Trishnika Shinde"
3406230,"Hrishikesh Joshi"
1430018,"D. Santosh"
9849374,"Durgesh Akherkar"
5659567,"Siyaa Patil"
9849373,"Sunil Joshi"
7585695,"Rajesh Bhosale"
3002886,"Shailesh Pitambare"
3272130,"Ashwini Ekbote"
11000322,"Pooja Kasekar"
1316609,"Mahesh Joshi"
3828264,"Ajay Tillu"
9683371,"Rahul Pingle"
9849378,"Shailesh Ahire"
1224082,"Boman Irani"
839634,"Sanjay Suri"
1372014,"Joy Sengupta"
9476318,"Vikram Singh"
9643017,"Sanchita Goswami"
9484275,"Aarti Jha"
9484276,"Goraksha Sakpal"
7193226,"Sailessh Dubey"
438501,"Rishi Kapoor"
2194798,"Sunny Singh"
438484,"Omkar Kapoor"
7179195,"Nimisha Mehta"
1847505,"Rucha Vaidya"
1023906,"Gurbachan Singh"
66075,"Rakesh Bedi"
1572643,"Neelu Kohli"
4191170,"Shobha Singh"
1293381,"Sunny Leone"
11012132,"Rohan Rajpoot"
10094450,"Rk Gaurav"
3130211,"Yajuvendra Singh"
788918,"Shishir Sharma"
10428252,"Doley Doljee"
10428214,"Zhokhoi Chuzho"
10428215,"Longchar Rose"
4808460,"Sooraj Pancholi"
9711810,"Anil Reji"
3736034,"Saurrabh Agnihotri"
8306579,"Megha Akash"
11274576,"Anubha Arora"
12363835,"Rahul Jaykar Arya"
7148181,"Yogesh Bhardwaj"
7937899,"Pardeep Cheema"
9161308,"Sameer Deshpande"
6013100,"Anupam Gahoi"
4357061,"Palomi Ghosh"
3777127,"Chhaya Kadam"
3557356,"Sohaila Kapur"
7721668,"Mrigendra Konwar"
1822342,"Upendra Limaye"
10783485,"Geetika Mehandru"
9813394,"Anurag Mishra"
3817384,"Manoj Chandila"
11534703,"Prveshika Chauhan"
11051798,"Dushant"
7984492,"Kangna Sharma"
8216309,"Yashaswini Dayama"
10193809,"Karanvir Malhotra"
1867717,"Abhay Deol"
3967480,"Monica Dogra"
38171,"Sulabha Arya"
11595385,"Ananya"
2384900,"Aliya Curmally"
5423482,"Rajshri Deshpande"
361407,"Jugal Hansraj"
3140418,"Paresh Kamath"
4511082,"Nerm"
4308825,"Sarang Sathaye"
8846322,"Amit Shirivastava"
11595386,"Siddhant Vetekar"
11233231,"Kavita Joshi"
4975360,"Shweta Tripathi"
10797412,"Alisha"
4340493,"Malvika Bajaj"
6278693,"Ashish Bhatt"
8616196,"Ashish Bhatt"
11172382,"Riam Biswas"
11172379,"Sandipa Das"
10153948,"Bharti Doshi"
11172370,"Sangeeta Duttaa"
1194630,"Kumar Kanchan Ghosh"
11172384,"Forum Gothecha"
11172372,"Gyaneshwar Gyani"
11172371,"Kalyani Jha"
7242369,"Chandan Kumar"
6845062,"Jitendra Kumar"
2768910,"Yuvika Chaudhary"
10446308,"Deepak Mor"
5643409,"Amit Jairath"
5201771,"Baljinder Kaur"
11185836,"Shrawya Shreya Rajput"
11164944,"Joginder Kundu"
9957525,"Ravi Chauhan"
10324938,"Deepak Kapoor"
9963212,"Raju Maan"
11164946,"Paras Mehta"
11164945,"Brijesh Sharma"
10919888,"Monika Sharma"
10787744,"Lukram Smil"
3190972,"Manjot Singh"
6852371,"Bijou Thaangjam"
3561962,"Aakash Dabhade"
10254650,"Aamir Rafiq"
8380633,"Tasha Bhambra"
9494663,"Srishti Jain"
1185319,"Ashwin Kaushal"
10560353,"Mohit Nain"
12769618,"Anupriya Parmar"
10787813,"Vinay Shrivastava"
10812903,"Paramjyot Singh"
10787812,"Anuj Sullere"
9520738,"Rahul Tiwari"
2004482,"Lorena Franco"
1847867,"Bijesh Jayarajan"
9413385,"Neet Chowdhary"
8631083,"Rajeev Gaursingh"
9413386,"Karran Jeet"
5676789,"Poonam Mathur"
5731566,"Rajesh Sharma"
3766373,"Gautam Kurup"
9413387,"Salman Khan"
9413388,"Manish Devkunsh"
9413389,"Karan Soni"
9413391,"Karan Dutt"
11377156,"Ajay"
2861159,"Mehboob Ali"
11377157,"Amish"
11377154,"Ankur"
11377177,"Nitish Beniwal"
9437982,"Aashita Bhagat"
1269584,"Sandhya Mridul"
4698377,"Mathivanan Rajendran"
7611274,"Sandeep Mahajan"
8492975,"Devi Borkotoky"
9171656,"Raj Sharma"
9093962,"Rajeev Sharma"
1240831,"Naved Aslam"
11075992,"Sandeep Bhardwaj"
11522529,"Ranjit Deval"
5310206,"Mrinal Dutt"
3537191,"Shadab Kamal"
1011408,"Ninad Kamat"
1144611,"Eijaz Khan"
10021363,"Sohrab Khandelwal"
11075993,"Vaishali Malhara"
4699879,"Priyanshu Painyuli"
11075995,"Diya Patel"
6509791,"Chandrachoor Rai"
5118791,"Vikrant Rai"
5475700,"Swati Semwal"
3000617,"Rajeev Siddhartha"
11075994,"Somporn Sonthiporn"
7630088,"Sheetal Thakur"
1596350,"Nawazuddin Siddiqui"
4563744,"Valentina Corti"
32108,"Francesco Apolloni"
53519,"Urbano Barberini"
898408,"Pamela Villoresi"
1589340,"Isha Talwar"
1961204,"Andrea Scarduzio"
3640420,"Cristina Puccinelli"
2732939,"Giada Benedetti"
5998600,"Ciera Foster"
5687944,"Priyansh Jora"
4201007,"Sapna Sand"
780104,"Federico Scribani"
10587335,"Arshia Verma"
11221282,"Usha Devi"
1875948,"Karanvir Bohra"
5129212,"Mahesh Balraj"
4487,"Juhi Chawla"
1882097,"Sameer Kochhar"
3170495,"Ali Fazal"
7744845,"Shraddha Srinath"
1722737,"Pankaj Saraswat"
10001802,"Jay Patel"
7713638,"Ajitesh Gupta"
3071488,"Sikandar Kher"
7420332,"Mohit Baghel"
10780649,"Rishikesh Tiwari"
10780653,"Shyam Sunder"
10571326,"Monazir Khan"
9556024,"Rishi Dubey"
9290252,"Shweta Khanduri"
1584260,"Gopi Bhalla"
10551800,"Mini Bansal"
11391787,"Andy Arora"
4558211,"Sunil Asgavkar"
154218,"Mithilesh Chaturvedi"
10752081,"Yasmeen Khan"
11097728,"Ram Mehar"
4387442,"Brijendra Mishra"
2819031,"Jiten Mukhi"
11069962,"Abhishek Ohri"
3492981,"Shalini Vatsa"
4852210,"Sonal Joshi"
7022514,"Kritika Pande"
8715584,"Komal Chhabria"
3965871,"Manish Nawani"
11782429,"Sikandra Kumar"
12346337,"Vishal Arya"
10103238,"Anushree Kushwaha"
9208964,"Sameer Khan"
12867087,"Govind Singh Choudhary"
6944669,"Gaurav Sharma"
12867088,"Vaishali Singh Solanki"
5258858,"Nabila Khan"
9970378,"Priyanka Arya"
6040987,"Sonam Bajwa"
3979015,"Kartar Cheema"
3837828,"Prakash Gaadhu"
3544533,"Hardeep Gill"
6148025,"Samuel John"
5576933,"Deep Joshi"
5798585,"Rupinder Rupi"
12859949,"Sunny Sandhu"
1372094,"Sardar Sohi"
5317125,"Gurpreet Toti"
7918316,"Parmish Verma"
8196083,"Arpita Banerjee"
9076764,"Ritwik Bhowmik"
11430165,"Arya Mallick"
11430164,"Doab Mukherjee"
9890219,"Soumi Saha"
10318510,"Yeshi Dema"
1320935,"Alka Amin"
768297,"Veerendra Saxena"
10331009,"Rudraksh Bahuguna"
10963282,"Prabhu Bhatt"
10963293,"Rishi Raj Bhatt"
10963292,"Sudeep Bhatt"
10963278,"Rohit Bisht"
10963302,"Rohit Kumar Bisht"
10963287,"Satish Chand"
10331008,"Saajan Chetri"
10963286,"Subhash Devrari"
10330734,"Suraj Dholakhandi"
10963291,"Varun Dutt"
10963289,"Mukesh Ghanshala"
8061218,"Sunny Pawar"
10678655,"Mala Mukherjee"
10678658,"Surojit"
10678659,"Dilip"
3962834,"Tanaji Dasgupta"
4542067,"Sumeet Thakur"
10678656,"Nirmolendu Ghosh"
4910579,"Udayshankar Pal"
4599085,"Sanjeeb"
10119937,"Sayan Paul"
10678660,"Srabonti Bhattacharya"
10678661,"Shruti Ghosh"
10678662,"Gautam Sarkar"
10678663,"Masood Akhtar"
10678664,"Adrija Paul"
8896053,"Pallabi Sarkar"
8146850,"Riya Das"
11837673,"Bhanu Naskar"
1014371,"Akshay Anand"
3190246,"Richa Chadha"
3761132,"Gulshan Devaiah"
2528716,"Sharad S. Kapoor"
4729449,"Rajat Kaul"
2296460,"Jyothi Rana"
4510226,"Sujata Sanghamitra"
1479650,"Vipin Sharma"
11165002,"Bhavya Shinde"
9146080,"S. Sreesanth"
11055401,"Olivia M Williams"
1178147,"Ali Asgar"
9574147,"Ali Asgar"
1875257,"Vivan Bhatena"
12651903,"Sabina Chema"
2697883,"Taru Devani"
3668216,"Nargis Fakhri"
4580164,"Sachiin Joshi"
8987666,"Shabnam Karimzada"
6013787,"Kevin Matadeen"
1587175,"Mona Singh"
11561868,"Shreya Bhattacharya"
3481848,"Cyli Khare"
10867742,"Amit Deondi"
10867743,"Gargi Shitole"
1011383,"Amardeep Jha"
6158999,"Rajeev Raj"
440604,"Anurag Kashyap"
3453549,"Geetanjali Kulkarni"
5692750,"Kalyanee Mulay"
1422152,"Avinash Walzade"
10748561,"Viswanathan Sridhar"
12401342,"Vallabh Bhingarde"
12401343,"Nandkishore Pandey"
11046994,"Ravindra Sahu"
4759993,"Gopalan"
6120326,"Anuj Choudhry"
788157,"Dilip Shankar"
848308,"Tiku Talsania"
3059342,"Sunny Agarwal"
12208575,"Ramandeep Kaur"
10975296,"Smita Shetty"
8631077,"Rakesh Shrivastava"
2397981,"Sia"
5574716,"Salme Gunnarsdttir"
4668046,"Sayani Gupta"
3162285,"Jaz Singh Deol"
84443,"Seema Biswas"
1167643,"Shubhrajyoti Barat"
1715102,"Avantika Akerkar"
13138204,"Sumana Mukhopadhyay"
1464473,"Pierre-Antoine Lasnier"
2754344,"Indira Das"
7057719,"Koushik Kar"
11523076,"Surojit Mondal"
8298340,"Sujata Ghosh"
13744880,"Samuel Coffi"
2441246,"Sudipto Chatterjee"
1385228,"Gopichand"
3768934,"Zareen Khan"
8276228,"Mehreen Pirzada"
621937,"Nassar"
1279922,"Rajesh Khattar"
1574606,"Upen Patel"
1198628,"Sunil"
1957308,"V. Jayaprakash"
2217380,"Aadarsh Balakrishna"
9544396,"Raja Chembolu"
11104158,"Akshara"
19382,"Mohammad Ali"
12251518,"Rajiv Kumar Aneja"
10692109,"Muskan Arora"
1298052,"Raghu Babu"
11104164,"Yogi Babu"
11104160,"Divya"
332871,"Govinda"
10183267,"Mishika Chourasia"
7727977,"Karan Aanand"
10183268,"Anupama Agnihotri"
25618,"Mahesh Anand"
7912045,"Aarti Gupta"
3791877,"Shyam Lal"
9053233,"Digangana Suryavanshi"
10221032,"Martha Taylor"
13031456,"Sheetal Verma"
3823216,"Anshuman Jha"
9389235,"Gurfateh Pirzada"
12540016,"Prabhleen Kaur"
13361954,"Jhanvi Rawat"
1336722,"Denzil Smith"
12078203,"Praveena Deshpande"
1334512,"Ravi Khanvilkar"
13361955,"Mrs. Singh"
13361956,"Aanchal Batra"
8452276,"Nitin Sharma"
13361957,"Shaliendra Verma"
5127075,"Gurpreet Kaur"
7694570,"Amrita Bagchi"
7618047,"Niharika Lyra Dutt"
4446079,"K.C. Shankar"
3546549,"Jaspal Sharma"
5753328,"Siddharth Chauhan"
10993685,"Baishali Mazumder"
10301366,"Mohd Amir"
9078477,"Deepak Sharma"
6269780,"Aparshakti Khurana"
4450033,"Divyendu Sharma"
7477060,"Harshita Gaur"
4244312,"Harsh Mayar"
2526461,"Bhupesh Pandya"
10936718,"Vani Sood"
3465006,"Chittaranjan Tripathy"
6173337,"Bhupesh Bandekar"
3798991,"Midhat Khan"
7907971,"Ankkitha Maithy"
13792508,"Nadeem Sheikh"
1182255,"Amrita Rao"
1213248,"Rajesh Khera"
8452382,"Radha Sagar"
621560,"Sanjay Narvekar"
1388463,"Prakash Belawadi"
1822624,"Pradeep Velankar"
4454185,"Nikhil Mahajan"
7074840,"Ashish Pathode"
9539340,"Resh Lamba"
1858895,"Rajgopal Iyer"
9557023,"Niranjan Javir"
1275384,"Nilesh Divekar"
11956457,"Nitin Bansode"
4362492,"Diljit Dosanjh"
5305841,"Kriti Sanon"
5607349,"Varun Sharma"
747172,"Ronit Roy"
8206919,"Amit Mehra"
6347315,"Abhimanue"
10604563,"Abhiruchi"
10976996,"Santosh Anand"
10976985,"Ankit"
4045010,"Abhishek Banerjee"
7707369,"Bharat Bhatia"
3221072,"Alorika Chatterjee"
10876834,"Gurmeet Chawla"
1953187,"Vishal"
1961459,"Tamannaah Bhatia"
8468959,"Aishwarya Lekshmi"
1682953,"Ramki"
6489058,"Yogi Babu"
5462740,"Akanksha Puri"
1495762,"Chaya Singh"
7216750,"Kabir Duhan Singh"
9012886,"Sha Ra"
4234608,"Aarav Choudhary"
3606518,"Bharath Reddy"
2206739,"Vincent Ashokan"
9669285,"Pala Karuppaiah"
1905056,"Yuri Suri"
10568843,"Ashwanth Ashokkumar"
4043111,"Vijay Sethupathi"
5913962,"Siddharth Menon"
2217498,"Ayesha Raza Mishra"
5376616,"Karan Deol"
10487266,"Sahher Bambba"
4240443,"Kallirroi Tziafeta"
11522521,"Swarit Sur"
11522522,"Suresh Sur"
4478067,"Ritika Thakur"
11522523,"Kapil Negi"
9556950,"Mahesh Pillai"
11522524,"Diksha Bahl"
7141945,"Anuradha Kalia"
10881190,"Gs Arora"
8539445,"Lotty Allaric"
11522525,"Arsh Wahi"
9553585,"Nupur Nagpal"
451381,"Kamini Khanna"
451561,"Sachin Khedekar"
970210,"Simone Singh"
1778686,"Wasabi Mizuta"
1874163,"Megumi Ohara"
435358,"Yumi Kakazu"
1878161,"Subaru Kimura"
782840,"Tomokazu Seki"
1670451,"Junko Minagawa"
1310525,"Lee Sun-kyun"
1543800,"Won-chan Lee"
7139946,"Ktar Yoshida"
5485883,"Hwan Chin Kim"
1625874,"Yya Yagira"
2943428,"Shigeo Takahashi"
6551453,"Sichi Nakaoka"
1371529,"Moon Geun-young"
12742684,"Kim Junga"
814309,"Song Young-Chang"
3933821,"Ji-hye Yeoum"
4522499,"Park Keun-rok"
2284072,"Sanaya Irani"
5689396,"Shivam Bhaargava"
7694608,"Gayathri Iyer"
8635760,"Ananya Raj"
9551261,"Manusmit Rana"
5888489,"Vishal Dave"
6310844,"Monisha Hassen"
14037831,"Rabia Maddah"
151189,"Ameet Chana"
9611337,"Caroline Wilde"
2387353,"Hazel Croney"
14037832,"Diliohn"
1919807,"Clive Dancey"
650751,"Tino Orsini"
8048994,"Aidan Barry"
4281145,"Gary Heron"
5887531,"Daniel Osgood"
1819083,"Arjun Kapoor"
4710099,"Sudev Nair"
8195186,"Alexander Prasanth"
3366443,"Santilal Mukherjee"
6119577,"Sonia Albizuri"
10323694,"Jiban Bhattarai"
8629330,"Nikhil Dave"
2262766,"Sudhir S. Dayma"
7420878,"Ankita Dubey"
11562735,"Ankita Dubey"
9753053,"Aasif Khan"
9357076,"Shubham Kumar"
4603337,"Lalit Kumar Malla"
2999515,"Sonal Sehgal"
8122004,"Shoib Shah"
8870859,"Jawed Rehman"
6823298,"Anushka Sen"
9808684,"Lalita Tapasavi"
10678441,"Meezaan Jafri"
6319227,"Sharmin Segal"
10831361,"Chinmayee Surve"
7936592,"Anil Gawas"
1282863,"Sameer Dharmadhikari"
3708961,"Deepak Damle"
8682383,"Badri Chavan"
7607883,"Chetan Chitnis"
5873799,"Ishwak Singh"
9955286,"Suyash Zunjurke"
2522089,"Sunil Tawde"
8706930,"Bharat Pahuja"
10978039,"Prachi Kadam"
9017818,"Yash Bhojwani"
12472687,"Tushar Ghadigaokar"
2977124,"Mahie Gill"
5446189,"Nandish Singh Sandhu"
1106058,"Sudhir Pandey"
1123110,"Supriya Pilgaonkar"
3269803,"Salil Acharya"
10074124,"Shivika Rishi"
4178300,"Lokesh Tilakdhari"
11524017,"Tulika Banerjee"
8258385,"Harshit Gupta"
12265901,"Iamrealmohsin"
5016551,"Anirban Bhattacharya"
5190481,"Tanushree Chakraborty"
8835835,"Akshay Kapoor"
1242796,"Surendra Rajan"
7715463,"Anindya Sain"
11142199,"Jitendra Agarwal"
11142173,"Aman"
11142165,"Archana"
11142153,"Arup"
11142168,"Bacca"
11002908,"Shibashish Bandopadhyay"
11142198,"Joy Banerjee"
3536996,"Prantik Banerjee"
11142140,"Sharanya Banerjee"
11142143,"Uma Banerjee"
3818286,"Sushant Singh Rajput"
2596365,"Jacqueline Fernandez"
5161145,"Vikramjeet Virk"
5688044,"Sapna Pabbi"
2690647,"Pankaj Tripathi"
2913438,"Vibha Chhibber"
11102198,"Kaustubh Kumar"
9680686,"Paniza Rahnama"
11102199,"Shweta Nair"
8001632,"Anuj Jain"
9405358,"Arun Khaini"
11102201,"Gaurav Chaudhari"
437781,"Ramesh Khanna"
11102204,"Dimple Verma"
1882579,"Zachary Coffin"
8715561,"Anil Khopkar"
9547240,"Farrukh Seyer"
9547241,"Priyanka Verma"
10381858,"Neha Singh"
4778223,"Padma Damodaran"
12467747,"Arni"
12467748,"Shamim Abbas"
12467749,"Arun Kumar"
451174,"Arshad Warsi"
1671733,"Flora Saini"
3872330,"Sara Loren"
1778129,"Varun Badola"
4706056,"Deepali Pansare"
4371831,"Nivedita Tiwari"
6427611,"Preeti Sood"
2719035,"Parag Tyagi"
2977431,"Anangsha Biswas"
5675978,"Elli Avrram"
6128430,"Mohit Balchandani"
7575598,"Parul Bansal"
4387410,"Rachna Khanna"
6763126,"Faisal Malik"
6472234,"Patralekhaa Paul"
14081,"Dolly Ahluwalia"
761189,"Paritosh Sand"
82302,"Billa"
6229851,"Nitin Parasher"
9110952,"Shiva Kumar"
8787778,"Jackson Sethi"
11527750,"Himani Singh"
10543544,"Jay Zaveri"
1234298,"Konkona Sen Sharma"
6277267,"Bhumi Pednekar"
3591303,"Kubbra Sait"
5447706,"Vikrant Massey"
11918803,"Kalp Shah"
9045629,"Hearty Singh"
3798671,"Prabhat Raghunandan"
624191,"Neelima Azim"
6120325,"Pavleen Gujral"
8414764,"Sushil Bonthiyal"
5244915,"Sorabh Chauhan"
11525576,"Veenu Khatri"
49395,"Nandamuri Balakrishna"
1799038,"Vidya Balan"
4467,"Kaikala Satyanarayana"
2498217,"Nandamuri Kalyan Ram"
2281292,"Rana Daggubati"
1368731,"Sumanth"
103977,"Brahmanandam"
695177,"Prakash Raj"
7161,"S.V. Krishna Reddy"
4471,"Subhalekha Sudhakar"
1702868,"Jisshu Sengupta"
621418,"V.K. Naresh"
2485654,"Chandra Siddhartha"
534852,"Nandu Madhav"
576554,"Hansal Mehta"
707304,"Anjum Rajabali"
4563148,"Gaurav Sameley"
6845075,"Biswapati Sarkar"
8044390,"Armaan Mirza"
4726664,"Prabal Panjabi"
4267467,"Rohan Shah"
2815326,"Amit Sadh"
1967908,"Manjari Fadnnis"
9781807,"Aaryan Menghji"
10852526,"Kishaa Arora"
4014932,"Aseem Hattangadi"
5653907,"Alefia Kapadia"
10795936,"Kiearra Soni"
8738708,"Farida Patel Venkat"
3585750,"Kristine Zedek"
3848064,"Sonakshi Sinha"
7435453,"Badshah"
438465,"Annu Kapoor"
348491,"Rajiv Gupta"
451425,"Kulbhushan Kharbanda"
5069465,"Diana Penty"
792911,"Suniel Shetty"
849199,"Raveena Tandon"
8609330,"Khushi Hajare"
1318321,"Nadira Babbar"
10852335,"Rahaao"
3593972,"Dimple Bagroy"
5810742,"Annapurna Bhairi"
10977256,"Simranjeet Bhalla"
10977261,"Sukha Bouncer"
2144007,"Kangana Ranaut"
3822770,"Rajkummar Rao"
5711339,"Amyra Dastur"
3629670,"Amrita Puri"
6093848,"Karan Ashar"
13260411,"Backagaindancer"
11118047,"Dev Barot"
7624990,"Tina Chandorkar"
4990507,"Hussain Dalal"
6075559,"Debtosh Darjee"
2837117,"Kanika Dhillon"
7779607,"Jay Gandhi"
4510796,"Allan Hopwood"
9119259,"Richard Bhakti Klein"
48075,"Manoj Bajpayee"
12328705,"Khushiya"
6501790,"Ram Naresh Diwakar"
6421780,"Gagandev Riar"
7436747,"Shreedhar Dubey"
12328706,"Sampa Mandal"
4876224,"Jatin Sarna"
10435109,"Vijay Kumar"
12328707,"Kumar Jadye"
11968058,"Mukesh Gour"
4449831,"Raayo S. Bakhirta"
10837038,"Narendra Joshi"
11192089,"Nirali Joshi"
11637728,"Greeva Kansara"
11637730,"Atul Lakhia"
9696830,"Kamini Patel"
10333575,"Rajiv Pathak"
10620615,"Hetal Rathod"
10366932,"Yashvit Sancheti"
11637729,"Archana Trivedi"
4707842,"Mansi Multani"
1671764,"Shruti Seth"
1213909,"Cyrus Sahukar"
1214809,"Tara Sharma"
8192103,"Sagar Deshmukh"
2168111,"Nupur Asthana"
3202701,"Kalki Koechlin"
10161112,"Yamini Das"
11235043,"Sheena Khalid"
3138453,"Krishna Raaz"
4489970,"Minty Tejpal"
5947725,"Anupriya Goenka"
1616627,"Mouli Ganguly"
7745794,"Sadh Orhan"
1907272,"Evelyn Sharma"
11533838,"Gyanendra Aheer"
11533821,"Akshat Ajay"
9028650,"Arihant"
11533842,"Deepak"
11533822,"Anil Dubey"
11533844,"Kuntal Dutta"
11533832,"Farook"
2128238,"Sonam Kapoor"
438463,"Anil Kapoor"
7996094,"Abhishek Duhan"
5294556,"Regina Cassandra"
3078948,"Madhumalti Kapoor"
7478179,"Alka Badola Kaushal"
4410507,"Sandeep Kapoor"
1238336,"Teddy Maurya"
3066214,"K.K. Shukla"
4271961,"Sara Arjun"
8317616,"Yash Arora"
1059103,"Vivek Oberoi"
1069587,"Darshan Kumaar"
2371046,"Barkha Bisht"
348490,"Rajendra Gupta"
643350,"Suresh Oberoi"
7603070,"Jay Bhatt"
9281265,"Bhavik Bhojak"
10571656,"Bsinngh"
10718681,"Sheila Gore"
2246740,"Imran Hasnee"
10469125,"Dilipsinh Jhala"
10813966,"Tareeq Ahmed Khan"
6754226,"Lin Laishram"
9908724,"Jimpa Sangpo Bhutia"
6358251,"Tenzing Dalha"
11588532,"Lanuakum Ao"
9030674,"Rohan Joshi"
11649824,"Asenla Jamir"
11659219,"Millo Sunka"
8631398,"Aakash Bhardwaj"
11660558,"Eliel R."
10261099,"Deepansha Dhingra"
6123790,"Pallavi Batra"
3557374,"Sushil Parwana"
11660556,"Sunit Tandon"
1277547,"Vineet Kumar Singh"
6998031,"Prithvi Hatte"
4897879,"Prem Prakash Modi"
5587425,"Istayak Arif Khan"
10772522,"Abhinav Bhattacharjee"
3721677,"Vishwanath Chatterjee"
10774497,"Yash Singh Chauhan"
8444694,"Ranjit Choudhary"
8558591,"Nadeem Khan"
6294201,"Durgesh Kumar"
7063118,"Rishabh Kushwaha"
6798708,"Shriya Pilgaonkar"
6845061,"Jim Sarbh"
2771295,"Barkha Singh"
3943087,"Badrul Islam"
6092051,"Sunil Kumar"
9110959,"Kalpana Jha"
11170246,"Mahender Singh Bisht"
11170247,"Shashank Singhal"
11137733,"Raj Chopra"
11170248,"Shailender Varma"
11170249,"Tariq Anwar"
11170250,"Tilak Raj Joshi"
9496850,"Deeptesh Das"
9940818,"Baljeet Kaur Nanda"
10443638,"Antara Bahuguna-Ghosh"
1778703,"Neil Nitin Mukesh"
3153204,"Adah Sharma"
1493836,"Gul Panag"
8090525,"Taher Shabbir"
1167655,"Shama Sikander"
1472197,"Manish Chaudhari"
1649743,"Peter Errol"
11819095,"Hrasif"
8671307,"Yogendra Kumeria"
10792143,"Pahal Mange"
10891651,"Mayank Kumar Mishra"
13327429,"Vinni Mobstaz"
659249,"Sudhanshu Pandey"
10063847,"Varun Singh Rajput"
9246176,"Vardhan Puri"
6189519,"Shivaleeka Oberoi"
1159564,"Jessy Lever"
11170801,"Amit Arora"
8370309,"Pulkit Bangia"
11534592,"Sanjeev Johri"
11534593,"Jaswant Singh"
7916018,"Yudhvir Dahiya"
1386575,"Athar Nawaaz"
8738937,"Sunita Hooda"
11296149,"Sahib Singh Narang"
9360579,"Rahuul Aamath"
11585194,"Mukesh Choudhary"
11932979,"Pankaj Kumar"
222426,"Ajay Devgn"
2043,"Madhuri Dixit"
1299011,"Riteish Deshmukh"
412917,"Jaaved Jaaferi"
3329873,"Pitobash"
505323,"Johny Lever"
4569,"Sanjay Dutt"
463539,"Manisha Koirala"
4469366,"Satyajeet Dubey"
8694410,"Yashraaj Chaurasia"
7731357,"Abhishek Diwan"
11296979,"Yash eshwari Francis"
8365270,"Dawood Khan"
7205059,"Fareed Khan"
1883083,"Chahat Khanna"
12290827,"Aryaansh Kumar"
11402718,"Pyarali Nayani"
13426949,"Umair Patel"
7508187,"Athiya Shetty"
2914356,"Karuna Pandey"
9511368,"Bhumika Dube"
1106067,"Navni Parihar"
11293416,"Vivek Mishra"
2739807,"Abhishek Rawat"
2472901,"Sanjeev Vatsa"
2224722,"Usha Nagar"
10305174,"Devansh Kumar"
13589108,"Medha Aich"
11293415,"Rahul Chelani"
11293417,"Vinod Surya"
13589233,"Mustaqeem Shah"
13589234,"Mamta Chopra"
9374757,"Ehan Bhat"
7775384,"Edilsy Vargas"
712908,"Lisa Ray"
9628021,"Warina Hussain"
2218463,"Diwakar Pundir"
56427,"Ranjit Barot"
707868,"Rahul Ram"
8350839,"Neel Tyagi"
6421778,"Chaitnya Sharma"
213493,"Kurush Deboo"
8624065,"Burjor Patel"
1984344,"Kalyan Baruah"
1242387,"Suhita Thatte"
12600686,"Krish Aaley"
5293279,"Urvi Ashar"
10836938,"Asif Ali Beig"
5598807,"Jigna Bhardwaj"
6078715,"Rupa Bhimani"
10836939,"Manish Bhuvan"
7512316,"Sonal Kaushal"
10836942,"Rajesk Kava"
2177852,"Vinod Kulkarni"
10836934,"Sabina Mallik"
10836940,"Manoj Pandey"
10836943,"Mukesh Pandey"
8082434,"Nishka Raheja"
10836936,"Pinki Pal Rajput"
10636964,"Aditya Raj Sharma"
7839425,"Sumriddhhi Shukla"
10836937,"Pawan Shuklaa"
5598720,"Julie Tejwani"
1679372,"Sudeep"
5091766,"Aakanksha Singh"
839820,"Sushant Singh"
43199,"Avinash"
10679148,"Sharvari"
13051224,"Sujeet Kumar Sharma"
5794897,"Kari Subbu"
2416260,"Dilshad"
11044749,"Chaitra Vasudevan"
2401104,"Rajendra Karanth"
5541953,"Malati Sardeshpande"
5701208,"Sharath Lohitashwa"
11044742,"Cheluvaraj"
10702723,"Dharmendra Urs"
6029068,"Kuldeep Singh"
10956912,"Appanna"
11881607,"Poonam Agarwal"
10620118,"Elizer Bareh"
11881643,"Deihokhlang Basaiawmoit"
11881646,"McDonald Basaiawmoit"
11881595,"Sainborlang Basiawmoit"
11881596,"Shashank Shekhar Das"
11881612,"Aeden Ewan Diengdoh"
11881639,"Jonathan Dkhar"
11881600,"Duh Duh"
11881608,"Bhaskar Goswami"
11881610,"Annecia Jyrwa"
11881645,"Nicholas Jyrwa"
11881649,"Larihunshisha K. Kharai"
11881622,"Dawan Kharkongor"
11881627,"Iba Kharkongor"
11881606,"Rana Kharkongor"
11881638,"Mattishabakordor Kharnari"
219939,"Danny Denzongpa"
3860509,"Ankita Lokhande"
5786946,"Mishti"
3202291,"Richard Keep"
4535968,"Edward Sonnenblick"
5431328,"Unnati Davara"
2209765,"Suparna Marwah"
7052812,"Vaibhav Tatwawadi"
9147496,"Nihar Pandya"
10571007,"Aarav Jaiswal"
1591897,"Anil George"
9909800,"Shardul Bharadwaj"
10744376,"Mahender Nath"
4931869,"Nutan Sinha"
10179382,"Shashi Bhushan"
5803917,"Nitin Goel"
4623853,"Kapil Madaan"
11680911,"Krishan Kumar"
11680912,"Swati Verma"
11680913,"Pramod Kumar"
3482257,"Nitin Goel"
3289096,"Sidharth Malhotra"
4495174,"Parineeti Chopra"
13556810,"Anupam Mishra"
11170319,"Saurabh Mann"
9082581,"Aryaan Arora"
13798824,"Mohammad Farman Ali"
11008828,"Shashank Awasthi"
11864911,"Kritika Buden"
149441,"Sheeba Chaddha"
9083545,"Alok Gagdekar"
10131440,"Rakhi Kishor"
11397077,"Sandeep Kumaar"
10033173,"Gagan Arora"
5111948,"Atul Kumar"
1408928,"Grusha Kapoor"
3126571,"Rajendra Chawla"
4119465,"Aishwarya Sakhuja"
1302331,"Satish Sharma"
11188255,"Pankhuri Gidwani"
2345638,"Gurpal Singh"
8465076,"Jaspal Kaur"
9083559,"Abhilash Chaudhary"
11188256,"Vidushi Kaul"
6310151,"Vikram"
451600,"Anupam Kher"
10203718,"Mohaq Kansara"
9583288,"Kashyap Barbhaya"
3739900,"Anusmriti Sarkar"
756378,"Parikshit Sahni"
10927054,"Saurabh Pachauri"
11161832,"Sashreek Mishra"
8169231,"Jayaka Yagnik"
10516775,"Akram Ali Khan"
3916302,"Shreya Dhanwanthary"
7919428,"Snighdadeep Chatterji"
10462331,"Shubham Somu Srivastava"
11033514,"Navneet Srivastava"
5145954,"Nanda Yadav"
6494737,"Ashmita Kaur Bakshi"
9360095,"Shibani Bedi"
8624073,"Elena Roxana Maria Fernandes"
12737479,"Amitabha a Gupta"
11225878,"Narendra Kanojiya"
11048591,"Lajjawati Mishra"
9500985,"R.C. Pathak"
7215248,"Manuj Sharma"
3474295,"Karan Kapadia"
6938502,"Karanvir Sharma"
10278548,"Rashika Pradhan"
1616485,"Hemant Choudhary"
7992976,"Boloram Das"
9211391,"Jatin Jaiswal"
11184441,"Aarav Mishra"
4071851,"Ashok Pandey"
8179751,"Yashraj Rawal"
8441625,"Kumar Saurabh"
1133214,"Kishori Shahane"
6875696,"Rajinder Sharma"
4655028,"Mouni Roy"
712546,"Paresh Rawal"
710549,"Gajraj Rao"
4853598,"Sumeet Vyas"
329749,"Sanjay Goradia"
4808998,"Danni Wang"
6693723,"Shataf Figar"
1863497,"Chandan Bisht"
8614457,"Chetan Daiya"
451379,"Akshaye Khanna"
2273524,"Suzanne Bernert"
1464837,"Arjun Mathur"
3933547,"Aahana Kumra"
1261519,"Divya Seth Shah"
2378839,"Anish Kuruvilla"
9969909,"Madan Joshi"
11138715,"Pradip Chakravarti"
7559937,"Shiv Subramaniam"
11138716,"Yogesh Tripathy"
1665366,"Bobby Parvez"
11138717,"Anil Zankar"
7262698,"Deepak Gheewala"
3595334,"Anil Rastogi"
4290029,"Naval Shukla"
7102,"Tabu"
5114849,"Rakul Preet Singh"
622186,"Alok Nath"
8941958,"Bhavin Bhanushali"
8891913,"Inayat Sood"
9866753,"Minhaz Zee"
11103772,"Nadine Payne"
6298108,"Rajveer Singh"
5090227,"Harry Anton"
9013685,"Radhika Bangia"
9987653,"Samantha Sharon Watson"
7331044,"Mithila Palkar"
1213227,"Achint Kaur"
9837130,"Benafsha Soonawalla"
8632042,"Abhishek Bhalerao"
10738612,"Abhilash Joshi"
5755916,"Sanjeev Kapoor"
10365601,"Shubhankar Das"
10191564,"Abhishek Khandekar"
8602109,"Narendra Khatri"
9521412,"Arun Kushwah"
10681874,"Prakhar Saxena"
1688965,"Rupesh Tillu"
4921260,"Dulquer Salmaan"
10226002,"Shoaib Ahmed"
10855871,"Aakash Ahuja"
10707400,"Udit Arora"
1979275,"Angad Bedi"
9433476,"Alistar Bennis"
10178090,"Pooja Bhamrrah"
9556934,"Ajoy Chakraborty"
13619913,"Cricknowle"
10321418,"Rishi Hapawat"
9334048,"Diksha Juneja"
11228001,"Shoaib Kabeer"
474774,"Akshay Kumar"
3966456,"Taapsee Pannu"
3383930,"Nithya Menen"
430817,"Sharman Joshi"
1227718,"H.G. Dattatreya"
4112854,"Kirti Kulhari"
1327322,"Purab Kohli"
10592607,"Kashmira Pardeshi"
5010035,"Anirban Bhattacharyya"
4787925,"Jhuma Biswas"
1303433,"John Abraham"
2299825,"Ileana D'Cruz"
4992002,"Pulkit Samrat"
5856898,"Urvashi Rautela"
3713653,"Kriti Kharbanda"
1028168,"Dolly Bindra"
2355266,"Mohd Talib"
10670157,"Yash Agnihotri"
5359185,"Alister Albert"
9755045,"Mizzy Ali"
9514389,"Neilesh Ambu"
11144838,"Robin Chaudhary"
10976974,"Subhasish Ghosh"
11822353,"Pradeep Yadav"
11120876,"Puneet Dehran"
9455879,"Manoj Singh Kaira"
9915267,"Krish Dhangar"
11217355,"Abhishek Dubey"
11740020,"Suraj Naagar"
12976040,"Bhaumik Bhati"
10139897,"Raghav Dhir"
11035756,"Prashannt Jha"
2286554,"Suresh Vishwakarma"
8620833,"Hemant Soni"
10345767,"Dharmendra Gupta"
4449711,"Kartik Aaryan"
1594666,"Atul Srivastava"
13684024,"Samarth Chauhan"
4908144,"Neha Saraf"
9139904,"Ajeet Singh"
8738938,"Vimi Mehta"
13166522,"Kumkum Jain"
4445116,"Tara Sutaria"
11251739,"Bisham Ahuja"
11251738,"Sabina Nizmuddin Ansari"
11251731,"Nikita Dhondida Dangle"
12299744,"DJ Farman"
6598222,"Nora Fatehi"
11251740,"Dhivyani Gandhi"
10881156,"Vaishali Gaur"
4529277,"Varinder Singh Ghuman"
6598223,"Virendra Singh Ghuman"
11251735,"Arya Parvateesam Gulla"
9906477,"Krithika Iyer"
9760208,"Neeraj Kalra"
1913625,"Parambrata Chattopadhyay"
12454519,"Anubha Fatehpuria"
6350461,"Sarika Singh"
415555,"Divya Jagdale"
796513,"Sadiya Siddiqui"
5376667,"Shrikant Verma"
9709173,"Pushpa Joshi"
9019820,"Moin Khan"
4427872,"Nyla Masood"
3390011,"Sagar Kale"
9019821,"Damian D'Souza"
8184980,"Aneesha Shah"
9019824,"Shilpa Iyer"
9408931,"Nil Mani"
9019823,"Kaustubh Narain"
9408977,"Santosh Mohite"
9408976,"Pallas Prajapati"
9019822,"Jigna Khajuria"
9408932,"Sonali Singh"
12020491,"Mehboob Khan"
12020492,"Vijay Rao"
5992875,"Hitesh Kashyap"
12020493,"S. Gupta"
8022598,"Anuroop Kukreja"
471472,"Suchitra Krishnamoorthi"
9142275,"Aashit Chatterjee"
14022766,"Ashish Chhipa"
4470391,"Shivraj Walvekar"
2517742,"Rajesh Shringarpure"
451317,"Shadaab Khan"
6633565,"Purnendu Bhattacharya"
4668123,"Gyanendra Tripathi"
10885597,"Vikash Rajput"
611552,"Rani Mukerji"
6494774,"Vikram Singh Chauhan"
3831960,"Shruti Bapna"
4482922,"Sunny Hinduja"
7287290,"Garima Jain"
3198154,"Pariva Pranati"
9026923,"Vishal Jethwa"
9793366,"Virti Vaghani"
1416011,"Prasanna Ketkar"
11768590,"RoksolanaHasekiHrrem"
422552,"Prakash Jha"
1428293,"Pawan Chopra"
9856001,"Pritha Bakshi"
8055261,"Himanshu Sharma"
2337375,"Shaad Randhawa"
10881188,"Dinesh Mohan"
1539779,"Nikhat Khan"
7987438,"Raunak Bhinder"
5743393,"Kavita Vaid"
10841177,"Yudhvir Ahlawat"
9268739,"Vicky Kadian"
8652212,"Trupti Khamkar"
10603506,"Amol Nikhare"
154653,"Bhoomika Chawla"
7605938,"Deepak Anand"
66455,"Beena Banerjee"
2114805,"Malini Kapoor"
452021,"Akash Khurana"
4651098,"Vidyut Jammwal"
6698701,"Lars Kjeldsen"
8652056,"Asha Bhat"
7360356,"Kumkum Das"
9835211,"Dinesh Rajpurohit"
7917282,"Rahul Verma Rajput"
9793554,"Madhurima Roy"
4483091,"Pooja Sawant"
8974750,"Abhijit Sinha"
1488730,"Thalaivasal Vijay"
4731677,"Ayushmann Khurrana"
2410391,"Nushrratt Bharuccha"
2629754,"Raj Bhansali"
6905591,"Nidhi Bisht"
11003017,"Neela Mulherkar"
1060383,"Gagan Gupta"
11150851,"Vedika Bhandari"
11523032,"Shashi Ranjan"
3967820,"Rohit Tiwari"
2768833,"Rati Shankar Tripathi"
11150852,"Deevakar Solanki"
6795,"Salman Khan"
10994971,"Saiee Manjrekar"
10845687,"Pramod Khanna"
438092,"Dimple Kapadia"
1167594,"Nawab Shah"
11342699,"Sunil Agarwal"
5052617,"Assad Ahmed"
11342725,"Mohammed Ali"
11342707,"Dishi Atre"
4626,"Kareena Kapoor"
6442009,"Kiara Advani"
1865011,"Anjana Sukhani"
4002765,"Faisal Rashid"
3816634,"Simran Suri"
10567293,"Amishka Sood"
10342833,"Richa Kapoor"
10819806,"Bharat Ahuja"
1397705,"Sunita Dhir"
1263677,"Pradeep Kuckreja"
10276381,"Kavita Pais"
9057082,"Shivam Pal"
10308277,"Archana Iyer"
7337606,"Manpreet Kaur"
10180702,"Zaheer Iqbal"
10180701,"Pranutan Bahl"
10740383,"Mir Mohammed Mehroos"
10740384,"Mir Mohammed Zayan"
10740385,"Soliha Maqbool"
10740386,"Baba Hatim"
10740387,"Adiba Bhat"
10740388,"Hafsa Ashraf"
10740389,"Madikha"
10740390,"Bareen"
10740391,"Mozim Bhat"
2493744,"Hemant Kher"
10740403,"Shrysh Zutshi"
10740404,"Tabrez Madani"
5597696,"Malik Mushtaq"
3938476,"Saroj Sharma"
8384709,"Farhana Bhat"
7021807,"Mrunal Thakur"
6455555,"Kranti Prakash Jha"
6513748,"Sonam Arora"
871752,"Jitendra Trehan"
11008832,"Tahir Anand"
9856002,"Gaurav Sharma"
1982843,"Robin Das"
7621667,"Sanya Malhotra"
10258882,"Brinda Trivedi"
3891905,"Lubna Salim"
6422090,"Rajesh Kumar Sharma"
10647388,"Shihaan Bakshi"
4518724,"Akash Sinha"
10647389,"Seema Pravin Shende"
8136627,"Bhagwan Das Patel"
4433984,"Amarjeet Singh"
3483382,"Akash Dhar"
1178211,"Rahul Bhat"
1853502,"Meera Chopra"
5546451,"Shriswara"
992986,"Kruttika Desai"
3014046,"Shrikant Yadav"
4150760,"Shama Ninawe"
3193511,"Rajendra Shisatkar"
11103205,"Anup Choudhary"
8666231,"Shahnaaz Deshpande"
1265436,"Sahil Chaddha"
8710471,"Prajakta Wadaye"
11120356,"Narendra Karekar"
3761004,"Nani"
766470,"Sathyaraj"
10202855,"Ronit Kamra"
4945396,"Harish Kalyan"
8346572,"Viswant Duddumpudi"
4936620,"Praveen"
1720175,"Sanusha"
103976,"Brahmaji"
3164292,"Sampath Raj"
3559559,"Rao Ramesh"
1670807,"Sanjay Swaroop"
7188724,"Naveen Neni"
11508064,"Komaram Jabardasth"
6909313,"Krishna Teja"
10931029,"Sowmya"
13730031,"Pradeep Singh Adhikari"
8588874,"Kumar Rajput"
11033774,"Chirag Singla"
3124900,"Sushil Pandey"
3211304,"Ashish Verma"
3481909,"Ronjini Chakraborty"
10251400,"Sumbul Touqeer"
10203654,"Zia Ahmed Khan"
11030916,"Raju Pandey"
11048582,"Shikha Valmiki"
11048583,"Isha Verma"
46894,"Mohnish Behl"
464075,"Padmini Kolhapure"
23868,"Zeenat Aman"
6812832,"Sahil Salathia"
4116760,"Mantra Mugdh"
5879266,"Vinita Joshi"
1506427,"Ravindra Mahajani"
4431,"Kunal Kapoor"
3820500,"Gashmeer Mahajani"
8535772,"Archana Nipankar"
8408571,"Rajesh Aher"
6540697,"Babrak Akbari"
11786982,"Tasneem Ali"
1231899,"Priyanka Chopra Jonas"
1027719,"Farhan Akhtar"
7621668,"Zaira Wasim"
8565406,"Rohit Saraf"
4319792,"Manas Mittal"
1876057,"Lushin Dubey"
3547329,"Sunil Chitkara"
1767605,"Nirupama Verma"
3292921,"Puja Sarup"
11387812,"Jayesh Patil"
8395230,"Ishan Jotshi"
8464449,"Sudhanva Deshpande"
11235044,"Manisha Chudasama"
11235045,"Paras Rattan Sharda"
4417069,"Yami Gautam"
3119556,"Sunita Rajwar"
11353087,"Umesh Shukla"
11353088,"Dheerendra Gautam"
214354,"Deepika Chikhalia"
9231766,"Sachin Chaudhary"
7846414,"Saniya Touqeer"
11353089,"Sunheri Shah"
6845060,"Ranjan Raj"
11151883,"Charu Agrawal"
3030100,"Sumit Arora"
9203528,"Ananya Panday"
706953,"K.K. Raina"
11184524,"Shubham Kumar"
11306922,"Harsh Abbasi"
4442569,"Joy Badlani"
11306918,"Durgesh Chauhan"
11306916,"Gaurav"
8179407,"Sobhita Dhulipala"
1466628,"Vedhika"
3999889,"Anupam Bhattacharya"
2430483,"Chandan Anand"
1360697,"Rukhsar Rehman"
10147496,"Rajesh Khatri"
11396559,"Rajoshi Vidyarthi"
11396560,"Amit Naik"
11396561,"Elisha Mayor"
11396562,"Priyanka Sodoo"
5805978,"Scarlett Mellish Wilson"
7751841,"Meenakshi"
11603454,"Tawhid Rike Zaman"
219967,"Bobby Deol"
5249562,"Pooja Hegde"
2821544,"Sharad Kelkar"
9470554,"Jamie Lever"
710211,"Ranjeet Bedi"
8485910,"Saurabh Sachdeva"
11137913,"Cain Aiden"
13584607,"Sayed Aarish Ali"
9709994,"Ro Ashika"
1659141,"Prabhas"
3601766,"Shraddha Kapoor"
3808948,"Vennela Kishore"
4521975,"Arun Vijay"
990671,"Mandira Bedi"
3472571,"Supreet"
25627,"Tinnu Anand"
11044361,"Karthiikeyan Krishna"
10484265,"Irfan Ahmed Syed"
4317833,"Rik Aby"
5899377,"Tiger Shroff"
1249077,"Aditya Seal"
3632004,"Rajesh Kumar"
2265217,"Manasi Joshi Roy"
1267095,"Samir Soni"
5208689,"Sahil Anand"
10616521,"Harsh Beniwal"
9767719,"Daljeet Singh Gujral"
6134773,"Abhishek Bajaj"
226,"Will Smith"
1017633,"Alia Bhatt"
1229940,"Katrina Kaif"
1571487,"Sunil Grover"
6764,"Sonali Kulkarni"
3881720,"Kashmira Irani"
790858,"Aashif Sheikh"
7796669,"Disha Patani"
8258237,"Nivin Ramani"
10881182,"Dhiren Ahuja"
7051564,"Saif Akhtar"
10006258,"Riva Arora"
10881178,"Kiran Arya"
451307,"Saif Ali Khan"
9096966,"Zoya Hussain"
2435847,"Manav Vij"
1795232,"Deepak Dobriyal"
7807672,"Rudra Soni"
11188134,"Abhishek Madrecha"
2965625,"Madan Deodhar"
9839678,"Eshika Dey"
2355526,"Milind Dastane"
1784255,"Ondassyn Bessikbassov"
9818611,"Stanzin Chokphel"
7762352,"Gautam Agarwal"
11188152,"Arun Singh Bhagat"
3315894,"Varun Dhawan"
3169069,"Aditya Roy Kapoor"
447240,"Kunal Khemu"
3711178,"Pavail Gulati"
12625016,"Hani Yadav"
12638791,"Ayan"
1372788,"Shahid Kapoor"
6489927,"Nikita Dutta"
10791067,"Soham Majumdar"
1480555,"Arjan Bajwa"
442470,"Kamini Kaushal"
9227040,"Amit Sharma"
3189957,"Anurag Arora"
591341,"Dolly Minhas"
10982332,"Swati Seth"
7488708,"Anusha Sampath"
2409622,"Parakh Madan"
10982333,"Gagandeep Singh"
10982334,"Maneka Kurup Arora"
1284108,"Shweta Basu Prasad"
787462,"Naseeruddin Shah"
430809,"Pallavi Joshi"
2240997,"Prashantt Guptha"
5399971,"Ankur Rathee"
9920157,"Francisco Raymond"
11143083,"Gary Tatony"
11143084,"Olena Khudyakova"
1995659,"Takesh Singh"
3795810,"Tahir Raj Bhasin"
5189611,"Naveen Polishetty"
10944488,"Rohit Chauhan"
9508122,"Nalneesh Neel"
11441146,"Aashray Batra"
8960132,"Anud Singh Dhaka"
12696923,"Shaji Dheeraj"
11003464,"Neil Dhokte"
13031333,"Nithish"
10852603,"Amrit Kashyap"
821,"Amitabh Bachchan"
802080,"Amrita Singh"
3379444,"Antonio Aakeel"
5452875,"Tony Luke"
315508,"Tanveer Ghani"
9979618,"Tariqsafdar Hussain"
3123870,"Mark Mansfield"
10359822,"April Agarwal-Aplin"
10359823,"India Agarwal-Aplin"
12644304,"Sheblu Ahmed"
10560858,"Rachel Flynn"
381735,"Jason Hetherington"
3822682,"Selina Hotwani"
13180555,"Susanne Junghans"
10794406,"Maram Kamal"
4167503,"Suvinder Vicky"
3119274,"Vansh Bhardwaj"
10562602,"Surmeet Basra"
10562603,"Ajit Singh"
8501265,"Sandeep Nahar"
10054814,"Harwinder Singh Aujla"
10562605,"Rakesh Sharma"
10554051,"Adhrit Sharma"
10527764,"Vivek Saini"
10562606,"Harbhagwan Singh"
10562607,"Rajdeep Singh Dhaliwal"
10562608,"Harry Brar"
7955935,"Pali Sandhu"
9357081,"Vikram Chouhan"
10444137,"Harman Jhandi"
4335,"Hrithik Roshan"
5744729,"Vaani Kapoor"
5526917,"Yash Raaj Singh"
4141638,"Mashhoor Amrohi"
1199153,"Dipannita Sharma"
713618,"Soni Razdan"
10982465,"Amit Gaur"
10921122,"Obada Adnan"
11161821,"Imran Ahamed"
11161822,"Shahbhaz Akthar"
7713698,"Najmeddin AlHadad"
6945404,"Giorgio Antonini"
3828984,"Ranveer Singh"
8237564,"Siddhant Chaturvedi"
1576284,"Amruta Subhash"
1533122,"Jyoti Subhash"
1670264,"Ikhlaque Khan"
10384310,"Ayaan Zubair Rahmani"
10384313,"Rahul Piske"
4739989,"Nakul Roshan Sahdev"
1238337,"Vijay Maurya"
8261761,"Srishti Shrivastava"
13033970,"Mallika Singh"
4842401,"Tina Bhatia"
7231910,"Jasleen Royal"
5817249,"Vicky Kaushal"
3741768,"Mohit Raina"
3109755,"Manasi Parekh"
760045,"Swaroop Sampat"
1873305,"Yogesh Soman"
9813383,"Fareed Ahmed"
9108558,"Akashdeep Arora"
4966792,"Kallol Banerjee"
9813392,"Amaan Asif"
3376240,"Padam Bhola"
9813391,"Guru Bhullar"
9813396,"Beant Singh Buttar"
820282,"Aditya Srivastav"
10203648,"Sanket Deshpande"
8666232,"Vaibhav Gupta"
2460840,"Ali Haji"
10203656,"Deepali Kumar"
1283105,"Chittaranjan Giri"
6289482,"Ganesh Kumar"
10203651,"Vijay Kumar"
10203652,"Susheel Sharma"
10865772,"Abhishek Kumar"
1912683,"Karthi"
1230844,"Narain"
10183124,"Arjun Das"
6998719,"George Maryan"
6649988,"Harish Uthaman"
5782889,"Hareesh Peradi"
6030469,"Ramana"
7639503,"Dheena"
7130871,"Suryakanth"
7645843,"Kanna Ravi"
4831604,"Amzath Khan"
10154962,"Arun Alexander"
9055196,"Lallu"
7822446,"Vatsan Chakravarthy"
11158102,"Udayaraj"
10235364,"Kishore Rajkumar"
11158103,"Deepthi"
11105263,"Monica"
